SplitRatio,LearningRate,Epochs,Accuracy
0.9,0.500,20,50.00
0.9,0.500,20,50.00
0.9,0.500,20,50.00
0.9,0.500,20,50.00
0.9,0.500,20,50.00
0.9,0.500,20,50.00
0.9,0.500,20,50.00
0.9,0.500,20,50.00
0.9,0.500,20,50.00
0.9,0.500,20,50.00
0.9,0.500,50,70.00
0.9,0.500,50,70.00
0.9,0.500,50,70.00
0.9,0.500,50,70.00
0.9,0.500,50,60.00
0.9,0.500,50,80.00
0.9,0.500,50,80.00
0.9,0.500,50,70.00
0.9,0.500,50,70.00
0.9,0.500,50,70.00
0.9,0.500,80,90.00
0.9,0.500,80,70.00
0.9,0.500,80,60.00
0.9,0.500,80,90.00
0.9,0.500,80,90.00
0.9,0.500,80,70.00
0.9,0.500,80,90.00
0.9,0.500,80,70.00
0.9,0.500,80,80.00
0.9,0.500,80,70.00
0.9,0.500,100,70.00
0.9,0.500,100,70.00
0.9,0.500,100,70.00
0.9,0.500,100,60.00
0.9,0.500,100,60.00
0.9,0.500,100,60.00
0.9,0.500,100,60.00
0.9,0.500,100,60.00
0.9,0.500,100,60.00
0.9,0.500,100,60.00
0.9,0.500,120,90.00
0.9,0.500,120,60.00
0.9,0.500,120,70.00
0.9,0.500,120,90.00
0.9,0.500,120,70.00
0.9,0.500,120,70.00
0.9,0.500,120,60.00
0.9,0.500,120,70.00
0.9,0.500,120,70.00
0.9,0.500,120,70.00
0.9,0.500,150,100.00
0.9,0.500,150,100.00
0.9,0.500,150,90.00
0.9,0.500,150,80.00
0.9,0.500,150,80.00
0.9,0.500,150,100.00
0.9,0.500,150,90.00
0.9,0.500,150,100.00
0.9,0.500,150,100.00
0.9,0.500,150,70.00
0.9,0.500,200,100.00
0.9,0.500,200,100.00
0.9,0.500,200,100.00
0.9,0.500,200,100.00
0.9,0.500,200,90.00
0.9,0.500,200,100.00
0.9,0.500,200,100.00
0.9,0.500,200,100.00
0.9,0.500,200,90.00
0.9,0.500,200,100.00
0.9,0.500,300,100.00
0.9,0.500,300,100.00
0.9,0.500,300,100.00
0.9,0.500,300,90.00
0.9,0.500,300,100.00
0.9,0.500,300,100.00
0.9,0.500,300,100.00
0.9,0.500,300,80.00
0.9,0.500,300,100.00
0.9,0.500,300,100.00
0.9,0.200,20,50.00
0.9,0.200,20,50.00
0.9,0.200,20,50.00
0.9,0.200,20,50.00
0.9,0.200,20,50.00
0.9,0.200,20,50.00
0.9,0.200,20,50.00
0.9,0.200,20,50.00
0.9,0.200,20,50.00
0.9,0.200,20,50.00
0.9,0.200,50,60.00
0.9,0.200,50,100.00
0.9,0.200,50,70.00
0.9,0.200,50,50.00
0.9,0.200,50,60.00
0.9,0.200,50,70.00
0.9,0.200,50,80.00
0.9,0.200,50,70.00
0.9,0.200,50,60.00
0.9,0.200,50,90.00
0.9,0.200,80,60.00
0.9,0.200,80,90.00
0.9,0.200,80,60.00
0.9,0.200,80,60.00
0.9,0.200,80,60.00
0.9,0.200,80,60.00
0.9,0.200,80,60.00
0.9,0.200,80,60.00
0.9,0.200,80,60.00
0.9,0.200,80,60.00
0.9,0.200,100,60.00
0.9,0.200,100,90.00
0.9,0.200,100,70.00
0.9,0.200,100,60.00
0.9,0.200,100,60.00
0.9,0.200,100,90.00
0.9,0.200,100,70.00
0.9,0.200,100,60.00
0.9,0.200,100,80.00
0.9,0.200,100,60.00
0.9,0.200,120,60.00
0.9,0.200,120,70.00
0.9,0.200,120,70.00
0.9,0.200,120,70.00
0.9,0.200,120,90.00
0.9,0.200,120,70.00
0.9,0.200,120,70.00
0.9,0.200,120,70.00
0.9,0.200,120,100.00
0.9,0.200,120,70.00
0.9,0.200,150,100.00
0.9,0.200,150,80.00
0.9,0.200,150,100.00
0.9,0.200,150,90.00
0.9,0.200,150,70.00
0.9,0.200,150,80.00
0.9,0.200,150,90.00
0.9,0.200,150,70.00
0.9,0.200,150,100.00
0.9,0.200,150,80.00
0.9,0.200,200,100.00
0.9,0.200,200,90.00
0.9,0.200,200,100.00
0.9,0.200,200,100.00
0.9,0.200,200,100.00
0.9,0.200,200,100.00
0.9,0.200,200,100.00
0.9,0.200,200,100.00
0.9,0.200,200,100.00
0.9,0.200,200,90.00
0.9,0.200,300,100.00
0.9,0.200,300,100.00
0.9,0.200,300,100.00
0.9,0.200,300,100.00
0.9,0.200,300,100.00
0.9,0.200,300,100.00
0.9,0.200,300,100.00
0.9,0.200,300,100.00
0.9,0.200,300,100.00
0.9,0.200,300,100.00
0.9,0.100,20,50.00
0.9,0.100,20,50.00
0.9,0.100,20,50.00
0.9,0.100,20,50.00
0.9,0.100,20,50.00
0.9,0.100,20,50.00
0.9,0.100,20,50.00
0.9,0.100,20,50.00
0.9,0.100,20,50.00
0.9,0.100,20,50.00
0.9,0.100,50,70.00
0.9,0.100,50,70.00
0.9,0.100,50,80.00
0.9,0.100,50,70.00
0.9,0.100,50,70.00
0.9,0.100,50,70.00
0.9,0.100,50,70.00
0.9,0.100,50,70.00
0.9,0.100,50,80.00
0.9,0.100,50,60.00
0.9,0.100,80,60.00
0.9,0.100,80,60.00
0.9,0.100,80,90.00
0.9,0.100,80,60.00
0.9,0.100,80,60.00
0.9,0.100,80,70.00
0.9,0.100,80,60.00
0.9,0.100,80,60.00
0.9,0.100,80,90.00
0.9,0.100,80,60.00
0.9,0.100,100,70.00
0.9,0.100,100,70.00
0.9,0.100,100,70.00
0.9,0.100,100,70.00
0.9,0.100,100,70.00
0.9,0.100,100,80.00
0.9,0.100,100,60.00
0.9,0.100,100,60.00
0.9,0.100,100,60.00
0.9,0.100,100,60.00
0.9,0.100,120,90.00
0.9,0.100,120,70.00
0.9,0.100,120,70.00
0.9,0.100,120,80.00
0.9,0.100,120,80.00
0.9,0.100,120,90.00
0.9,0.100,120,100.00
0.9,0.100,120,70.00
0.9,0.100,120,80.00
0.9,0.100,120,70.00
0.9,0.100,150,100.00
0.9,0.100,150,80.00
0.9,0.100,150,80.00
0.9,0.100,150,80.00
0.9,0.100,150,90.00
0.9,0.100,150,70.00
0.9,0.100,150,100.00
0.9,0.100,150,100.00
0.9,0.100,150,80.00
0.9,0.100,150,100.00
0.9,0.100,200,90.00
0.9,0.100,200,90.00
0.9,0.100,200,90.00
0.9,0.100,200,100.00
0.9,0.100,200,100.00
0.9,0.100,200,100.00
0.9,0.100,200,100.00
0.9,0.100,200,90.00
0.9,0.100,200,100.00
0.9,0.100,200,100.00
0.9,0.100,300,100.00
0.9,0.100,300,100.00
0.9,0.100,300,100.00
0.9,0.100,300,100.00
0.9,0.100,300,100.00
0.9,0.100,300,100.00
0.9,0.100,300,100.00
0.9,0.100,300,100.00
0.9,0.100,300,100.00
0.9,0.100,300,100.00
0.9,0.080,20,50.00
0.9,0.080,20,50.00
0.9,0.080,20,50.00
0.9,0.080,20,50.00
0.9,0.080,20,50.00
0.9,0.080,20,50.00
0.9,0.080,20,50.00
0.9,0.080,20,50.00
0.9,0.080,20,50.00
0.9,0.080,20,50.00
0.9,0.080,50,70.00
0.9,0.080,50,80.00
0.9,0.080,50,70.00
0.9,0.080,50,70.00
0.9,0.080,50,70.00
0.9,0.080,50,60.00
0.9,0.080,50,80.00
0.9,0.080,50,70.00
0.9,0.080,50,70.00
0.9,0.080,50,70.00
0.9,0.080,80,90.00
0.9,0.080,80,70.00
0.9,0.080,80,80.00
0.9,0.080,80,60.00
0.9,0.080,80,60.00
0.9,0.080,80,80.00
0.9,0.080,80,100.00
0.9,0.080,80,70.00
0.9,0.080,80,100.00
0.9,0.080,80,60.00
0.9,0.080,100,60.00
0.9,0.080,100,90.00
0.9,0.080,100,60.00
0.9,0.080,100,90.00
0.9,0.080,100,90.00
0.9,0.080,100,60.00
0.9,0.080,100,60.00
0.9,0.080,100,90.00
0.9,0.080,100,60.00
0.9,0.080,100,60.00
0.9,0.080,120,70.00
0.9,0.080,120,70.00
0.9,0.080,120,70.00
0.9,0.080,120,90.00
0.9,0.080,120,80.00
0.9,0.080,120,80.00
0.9,0.080,120,70.00
0.9,0.080,120,80.00
0.9,0.080,120,70.00
0.9,0.080,120,70.00
0.9,0.080,150,70.00
0.9,0.080,150,90.00
0.9,0.080,150,80.00
0.9,0.080,150,80.00
0.9,0.080,150,90.00
0.9,0.080,150,100.00
0.9,0.080,150,100.00
0.9,0.080,150,80.00
0.9,0.080,150,100.00
0.9,0.080,150,80.00
0.9,0.080,200,90.00
0.9,0.080,200,90.00
0.9,0.080,200,100.00
0.9,0.080,200,100.00
0.9,0.080,200,90.00
0.9,0.080,200,90.00
0.9,0.080,200,100.00
0.9,0.080,200,90.00
0.9,0.080,200,90.00
0.9,0.080,200,90.00
0.9,0.080,300,100.00
0.9,0.080,300,90.00
0.9,0.080,300,100.00
0.9,0.080,300,100.00
0.9,0.080,300,100.00
0.9,0.080,300,100.00
0.9,0.080,300,100.00
0.9,0.080,300,100.00
0.9,0.080,300,100.00
0.9,0.080,300,100.00
0.9,0.050,20,50.00
0.9,0.050,20,50.00
0.9,0.050,20,50.00
0.9,0.050,20,50.00
0.9,0.050,20,50.00
0.9,0.050,20,60.00
0.9,0.050,20,50.00
0.9,0.050,20,50.00
0.9,0.050,20,50.00
0.9,0.050,20,50.00
0.9,0.050,50,70.00
0.9,0.050,50,70.00
0.9,0.050,50,70.00
0.9,0.050,50,60.00
0.9,0.050,50,70.00
0.9,0.050,50,60.00
0.9,0.050,50,70.00
0.9,0.050,50,70.00
0.9,0.050,50,70.00
0.9,0.050,50,70.00
0.9,0.050,80,70.00
0.9,0.050,80,100.00
0.9,0.050,80,60.00
0.9,0.050,80,60.00
0.9,0.050,80,100.00
0.9,0.050,80,70.00
0.9,0.050,80,90.00
0.9,0.050,80,100.00
0.9,0.050,80,60.00
0.9,0.050,80,60.00
0.9,0.050,100,70.00
0.9,0.050,100,60.00
0.9,0.050,100,60.00
0.9,0.050,100,60.00
0.9,0.050,100,70.00
0.9,0.050,100,70.00
0.9,0.050,100,70.00
0.9,0.050,100,70.00
0.9,0.050,100,100.00
0.9,0.050,100,70.00
0.9,0.050,120,100.00
0.9,0.050,120,80.00
0.9,0.050,120,100.00
0.9,0.050,120,70.00
0.9,0.050,120,80.00
0.9,0.050,120,90.00
0.9,0.050,120,70.00
0.9,0.050,120,70.00
0.9,0.050,120,70.00
0.9,0.050,120,90.00
0.9,0.050,150,100.00
0.9,0.050,150,70.00
0.9,0.050,150,100.00
0.9,0.050,150,100.00
0.9,0.050,150,100.00
0.9,0.050,150,90.00
0.9,0.050,150,100.00
0.9,0.050,150,80.00
0.9,0.050,150,100.00
0.9,0.050,150,100.00
0.9,0.050,200,100.00
0.9,0.050,200,100.00
0.9,0.050,200,100.00
0.9,0.050,200,100.00
0.9,0.050,200,100.00
0.9,0.050,200,100.00
0.9,0.050,200,100.00
0.9,0.050,200,100.00
0.9,0.050,200,100.00
0.9,0.050,200,100.00
0.9,0.050,300,100.00
0.9,0.050,300,100.00
0.9,0.050,300,100.00
0.9,0.050,300,100.00
0.9,0.050,300,100.00
0.9,0.050,300,80.00
0.9,0.050,300,100.00
0.9,0.050,300,100.00
0.9,0.050,300,100.00
0.9,0.050,300,100.00
0.9,0.020,20,50.00
0.9,0.020,20,60.00
0.9,0.020,20,50.00
0.9,0.020,20,50.00
0.9,0.020,20,60.00
0.9,0.020,20,50.00
0.9,0.020,20,50.00
0.9,0.020,20,50.00
0.9,0.020,20,50.00
0.9,0.020,20,50.00
0.9,0.020,50,60.00
0.9,0.020,50,80.00
0.9,0.020,50,100.00
0.9,0.020,50,90.00
0.9,0.020,50,60.00
0.9,0.020,50,90.00
0.9,0.020,50,60.00
0.9,0.020,50,80.00
0.9,0.020,50,60.00
0.9,0.020,50,60.00
0.9,0.020,80,100.00
0.9,0.020,80,60.00
0.9,0.020,80,60.00
0.9,0.020,80,100.00
0.9,0.020,80,80.00
0.9,0.020,80,60.00
0.9,0.020,80,70.00
0.9,0.020,80,60.00
0.9,0.020,80,60.00
0.9,0.020,80,60.00
0.9,0.020,100,60.00
0.9,0.020,100,80.00
0.9,0.020,100,100.00
0.9,0.020,100,60.00
0.9,0.020,100,60.00
0.9,0.020,100,70.00
0.9,0.020,100,70.00
0.9,0.020,100,70.00
0.9,0.020,100,70.00
0.9,0.020,100,70.00
0.9,0.020,120,100.00
0.9,0.020,120,70.00
0.9,0.020,120,100.00
0.9,0.020,120,100.00
0.9,0.020,120,70.00
0.9,0.020,120,60.00
0.9,0.020,120,70.00
0.9,0.020,120,100.00
0.9,0.020,120,60.00
0.9,0.020,120,80.00
0.9,0.020,150,80.00
0.9,0.020,150,80.00
0.9,0.020,150,80.00
0.9,0.020,150,100.00
0.9,0.020,150,90.00
0.9,0.020,150,100.00
0.9,0.020,150,100.00
0.9,0.020,150,80.00
0.9,0.020,150,100.00
0.9,0.020,150,100.00
0.9,0.020,200,100.00
0.9,0.020,200,100.00
0.9,0.020,200,100.00
0.9,0.020,200,80.00
0.9,0.020,200,80.00
0.9,0.020,200,100.00
0.9,0.020,200,100.00
0.9,0.020,200,100.00
0.9,0.020,200,100.00
0.9,0.020,200,90.00
0.9,0.020,300,100.00
0.9,0.020,300,90.00
0.9,0.020,300,100.00
0.9,0.020,300,90.00
0.9,0.020,300,100.00
0.9,0.020,300,100.00
0.9,0.020,300,100.00
0.9,0.020,300,100.00
0.9,0.020,300,80.00
0.9,0.020,300,100.00
0.9,0.010,20,70.00
0.9,0.010,20,50.00
0.9,0.010,20,50.00
0.9,0.010,20,50.00
0.9,0.010,20,60.00
0.9,0.010,20,80.00
0.9,0.010,20,50.00
0.9,0.010,20,50.00
0.9,0.010,20,70.00
0.9,0.010,20,50.00
0.9,0.010,50,70.00
0.9,0.010,50,60.00
0.9,0.010,50,60.00
0.9,0.010,50,70.00
0.9,0.010,50,70.00
0.9,0.010,50,70.00
0.9,0.010,50,80.00
0.9,0.010,50,50.00
0.9,0.010,50,80.00
0.9,0.010,50,60.00
0.9,0.010,80,60.00
0.9,0.010,80,70.00
0.9,0.010,80,60.00
0.9,0.010,80,70.00
0.9,0.010,80,70.00
0.9,0.010,80,70.00
0.9,0.010,80,60.00
0.9,0.010,80,70.00
0.9,0.010,80,70.00
0.9,0.010,80,60.00
0.9,0.010,100,60.00
0.9,0.010,100,70.00
0.9,0.010,100,100.00
0.9,0.010,100,60.00
0.9,0.010,100,70.00
0.9,0.010,100,80.00
0.9,0.010,100,90.00
0.9,0.010,100,60.00
0.9,0.010,100,70.00
0.9,0.010,100,100.00
0.9,0.010,120,60.00
0.9,0.010,120,70.00
0.9,0.010,120,70.00
0.9,0.010,120,80.00
0.9,0.010,120,100.00
0.9,0.010,120,100.00
0.9,0.010,120,100.00
0.9,0.010,120,70.00
0.9,0.010,120,70.00
0.9,0.010,120,100.00
0.9,0.010,150,90.00
0.9,0.010,150,100.00
0.9,0.010,150,70.00
0.9,0.010,150,90.00
0.9,0.010,150,90.00
0.9,0.010,150,100.00
0.9,0.010,150,80.00
0.9,0.010,150,90.00
0.9,0.010,150,80.00
0.9,0.010,150,100.00
0.9,0.010,200,100.00
0.9,0.010,200,100.00
0.9,0.010,200,90.00
0.9,0.010,200,100.00
0.9,0.010,200,100.00
0.9,0.010,200,80.00
0.9,0.010,200,100.00
0.9,0.010,200,100.00
0.9,0.010,200,90.00
0.9,0.010,200,100.00
0.9,0.010,300,100.00
0.9,0.010,300,100.00
0.9,0.010,300,100.00
0.9,0.010,300,80.00
0.9,0.010,300,90.00
0.9,0.010,300,100.00
0.9,0.010,300,100.00
0.9,0.010,300,100.00
0.9,0.010,300,100.00
0.9,0.010,300,100.00
0.9,0.005,20,50.00
0.9,0.005,20,70.00
0.9,0.005,20,50.00
0.9,0.005,20,100.00
0.9,0.005,20,50.00
0.9,0.005,20,50.00
0.9,0.005,20,50.00
0.9,0.005,20,50.00
0.9,0.005,20,50.00
0.9,0.005,20,100.00
0.9,0.005,50,50.00
0.9,0.005,50,70.00
0.9,0.005,50,60.00
0.9,0.005,50,100.00
0.9,0.005,50,50.00
0.9,0.005,50,60.00
0.9,0.005,50,60.00
0.9,0.005,50,60.00
0.9,0.005,50,100.00
0.9,0.005,50,70.00
0.9,0.005,80,90.00
0.9,0.005,80,80.00
0.9,0.005,80,70.00
0.9,0.005,80,70.00
0.9,0.005,80,60.00
0.9,0.005,80,60.00
0.9,0.005,80,70.00
0.9,0.005,80,90.00
0.9,0.005,80,90.00
0.9,0.005,80,70.00
0.9,0.005,100,60.00
0.9,0.005,100,60.00
0.9,0.005,100,60.00
0.9,0.005,100,80.00
0.9,0.005,100,100.00
0.9,0.005,100,90.00
0.9,0.005,100,100.00
0.9,0.005,100,60.00
0.9,0.005,100,100.00
0.9,0.005,100,70.00
0.9,0.005,120,90.00
0.9,0.005,120,100.00
0.9,0.005,120,90.00
0.9,0.005,120,70.00
0.9,0.005,120,100.00
0.9,0.005,120,90.00
0.9,0.005,120,70.00
0.9,0.005,120,70.00
0.9,0.005,120,80.00
0.9,0.005,120,100.00
0.9,0.005,150,100.00
0.9,0.005,150,90.00
0.9,0.005,150,100.00
0.9,0.005,150,100.00
0.9,0.005,150,90.00
0.9,0.005,150,100.00
0.9,0.005,150,100.00
0.9,0.005,150,80.00
0.9,0.005,150,90.00
0.9,0.005,150,100.00
0.9,0.005,200,100.00
0.9,0.005,200,60.00
0.9,0.005,200,90.00
0.9,0.005,200,100.00
0.9,0.005,200,80.00
0.9,0.005,200,100.00
0.9,0.005,200,90.00
0.9,0.005,200,80.00
0.9,0.005,200,100.00
0.9,0.005,200,100.00
0.9,0.005,300,100.00
0.9,0.005,300,100.00
0.9,0.005,300,100.00
0.9,0.005,300,80.00
0.9,0.005,300,100.00
0.9,0.005,300,100.00
0.9,0.005,300,100.00
0.9,0.005,300,100.00
0.9,0.005,300,100.00
0.9,0.005,300,100.00
0.8,0.500,20,50.00
0.8,0.500,20,50.00
0.8,0.500,20,50.00
0.8,0.500,20,50.00
0.8,0.500,20,50.00
0.8,0.500,20,50.00
0.8,0.500,20,50.00
0.8,0.500,20,50.00
0.8,0.500,20,50.00
0.8,0.500,20,50.00
0.8,0.500,50,70.00
0.8,0.500,50,60.00
0.8,0.500,50,70.00
0.8,0.500,50,70.00
0.8,0.500,50,60.00
0.8,0.500,50,60.00
0.8,0.500,50,80.00
0.8,0.500,50,70.00
0.8,0.500,50,60.00
0.8,0.500,50,70.00
0.8,0.500,80,95.00
0.8,0.500,80,70.00
0.8,0.500,80,60.00
0.8,0.500,80,65.00
0.8,0.500,80,60.00
0.8,0.500,80,60.00
0.8,0.500,80,95.00
0.8,0.500,80,60.00
0.8,0.500,80,95.00
0.8,0.500,80,60.00
0.8,0.500,100,60.00
0.8,0.500,100,60.00
0.8,0.500,100,60.00
0.8,0.500,100,70.00
0.8,0.500,100,75.00
0.8,0.500,100,60.00
0.8,0.500,100,60.00
0.8,0.500,100,60.00
0.8,0.500,100,70.00
0.8,0.500,100,60.00
0.8,0.500,120,80.00
0.8,0.500,120,70.00
0.8,0.500,120,70.00
0.8,0.500,120,70.00
0.8,0.500,120,70.00
0.8,0.500,120,70.00
0.8,0.500,120,70.00
0.8,0.500,120,70.00
0.8,0.500,120,75.00
0.8,0.500,120,70.00
0.8,0.500,150,85.00
0.8,0.500,150,80.00
0.8,0.500,150,100.00
0.8,0.500,150,85.00
0.8,0.500,150,85.00
0.8,0.500,150,95.00
0.8,0.500,150,85.00
0.8,0.500,150,80.00
0.8,0.500,150,80.00
0.8,0.500,150,100.00
0.8,0.500,200,95.00
0.8,0.500,200,100.00
0.8,0.500,200,95.00
0.8,0.500,200,80.00
0.8,0.500,200,85.00
0.8,0.500,200,100.00
0.8,0.500,200,100.00
0.8,0.500,200,95.00
0.8,0.500,200,100.00
0.8,0.500,200,90.00
0.8,0.500,300,95.00
0.8,0.500,300,80.00
0.8,0.500,300,95.00
0.8,0.500,300,95.00
0.8,0.500,300,95.00
0.8,0.500,300,80.00
0.8,0.500,300,80.00
0.8,0.500,300,95.00
0.8,0.500,300,95.00
0.8,0.500,300,95.00
0.8,0.200,20,50.00
0.8,0.200,20,50.00
0.8,0.200,20,50.00
0.8,0.200,20,50.00
0.8,0.200,20,50.00
0.8,0.200,20,50.00
0.8,0.200,20,50.00
0.8,0.200,20,50.00
0.8,0.200,20,50.00
0.8,0.200,20,50.00
0.8,0.200,50,70.00
0.8,0.200,50,70.00
0.8,0.200,50,70.00
0.8,0.200,50,70.00
0.8,0.200,50,70.00
0.8,0.200,50,70.00
0.8,0.200,50,70.00
0.8,0.200,50,80.00
0.8,0.200,50,70.00
0.8,0.200,50,80.00
0.8,0.200,80,70.00
0.8,0.200,80,60.00
0.8,0.200,80,65.00
0.8,0.200,80,60.00
0.8,0.200,80,60.00
0.8,0.200,80,60.00
0.8,0.200,80,60.00
0.8,0.200,80,85.00
0.8,0.200,80,60.00
0.8,0.200,80,90.00
0.8,0.200,100,60.00
0.8,0.200,100,60.00
0.8,0.200,100,70.00
0.8,0.200,100,60.00
0.8,0.200,100,60.00
0.8,0.200,100,60.00
0.8,0.200,100,60.00
0.8,0.200,100,60.00
0.8,0.200,100,65.00
0.8,0.200,100,80.00
0.8,0.200,120,85.00
0.8,0.200,120,70.00
0.8,0.200,120,70.00
0.8,0.200,120,80.00
0.8,0.200,120,70.00
0.8,0.200,120,70.00
0.8,0.200,120,70.00
0.8,0.200,120,80.00
0.8,0.200,120,85.00
0.8,0.200,120,70.00
0.8,0.200,150,95.00
0.8,0.200,150,80.00
0.8,0.200,150,80.00
0.8,0.200,150,95.00
0.8,0.200,150,100.00
0.8,0.200,150,85.00
0.8,0.200,150,80.00
0.8,0.200,150,100.00
0.8,0.200,150,100.00
0.8,0.200,150,85.00
0.8,0.200,200,85.00
0.8,0.200,200,95.00
0.8,0.200,200,90.00
0.8,0.200,200,95.00
0.8,0.200,200,95.00
0.8,0.200,200,100.00
0.8,0.200,200,90.00
0.8,0.200,200,95.00
0.8,0.200,200,95.00
0.8,0.200,200,100.00
0.8,0.200,300,95.00
0.8,0.200,300,95.00
0.8,0.200,300,95.00
0.8,0.200,300,95.00
0.8,0.200,300,95.00
0.8,0.200,300,95.00
0.8,0.200,300,95.00
0.8,0.200,300,95.00
0.8,0.200,300,95.00
0.8,0.200,300,95.00
0.8,0.100,20,50.00
0.8,0.100,20,50.00
0.8,0.100,20,50.00
0.8,0.100,20,50.00
0.8,0.100,20,50.00
0.8,0.100,20,50.00
0.8,0.100,20,50.00
0.8,0.100,20,50.00
0.8,0.100,20,50.00
0.8,0.100,20,50.00
0.8,0.100,50,70.00
0.8,0.100,50,70.00
0.8,0.100,50,70.00
0.8,0.100,50,60.00
0.8,0.100,50,70.00
0.8,0.100,50,100.00
0.8,0.100,50,70.00
0.8,0.100,50,80.00
0.8,0.100,50,70.00
0.8,0.100,50,70.00
0.8,0.100,80,60.00
0.8,0.100,80,95.00
0.8,0.100,80,75.00
0.8,0.100,80,70.00
0.8,0.100,80,60.00
0.8,0.100,80,60.00
0.8,0.100,80,60.00
0.8,0.100,80,60.00
0.8,0.100,80,65.00
0.8,0.100,80,80.00
0.8,0.100,100,60.00
0.8,0.100,100,60.00
0.8,0.100,100,65.00
0.8,0.100,100,80.00
0.8,0.100,100,70.00
0.8,0.100,100,80.00
0.8,0.100,100,60.00
0.8,0.100,100,65.00
0.8,0.100,100,80.00
0.8,0.100,100,60.00
0.8,0.100,120,75.00
0.8,0.100,120,70.00
0.8,0.100,120,85.00
0.8,0.100,120,70.00
0.8,0.100,120,85.00
0.8,0.100,120,60.00
0.8,0.100,120,60.00
0.8,0.100,120,70.00
0.8,0.100,120,85.00
0.8,0.100,120,80.00
0.8,0.100,150,80.00
0.8,0.100,150,80.00
0.8,0.100,150,85.00
0.8,0.100,150,80.00
0.8,0.100,150,80.00
0.8,0.100,150,85.00
0.8,0.100,150,85.00
0.8,0.100,150,85.00
0.8,0.100,150,100.00
0.8,0.100,150,80.00
0.8,0.100,200,85.00
0.8,0.100,200,100.00
0.8,0.100,200,95.00
0.8,0.100,200,100.00
0.8,0.100,200,100.00
0.8,0.100,200,95.00
0.8,0.100,200,100.00
0.8,0.100,200,95.00
0.8,0.100,200,95.00
0.8,0.100,200,95.00
0.8,0.100,300,95.00
0.8,0.100,300,80.00
0.8,0.100,300,95.00
0.8,0.100,300,80.00
0.8,0.100,300,95.00
0.8,0.100,300,95.00
0.8,0.100,300,80.00
0.8,0.100,300,95.00
0.8,0.100,300,95.00
0.8,0.100,300,95.00
0.8,0.080,20,50.00
0.8,0.080,20,50.00
0.8,0.080,20,50.00
0.8,0.080,20,50.00
0.8,0.080,20,50.00
0.8,0.080,20,50.00
0.8,0.080,20,50.00
0.8,0.080,20,50.00
0.8,0.080,20,50.00
0.8,0.080,20,50.00
0.8,0.080,50,80.00
0.8,0.080,50,70.00
0.8,0.080,50,70.00
0.8,0.080,50,80.00
0.8,0.080,50,70.00
0.8,0.080,50,70.00
0.8,0.080,50,80.00
0.8,0.080,50,70.00
0.8,0.080,50,60.00
0.8,0.080,50,70.00
0.8,0.080,80,85.00
0.8,0.080,80,60.00
0.8,0.080,80,60.00
0.8,0.080,80,60.00
0.8,0.080,80,95.00
0.8,0.080,80,95.00
0.8,0.080,80,60.00
0.8,0.080,80,60.00
0.8,0.080,80,95.00
0.8,0.080,80,60.00
0.8,0.080,100,70.00
0.8,0.080,100,60.00
0.8,0.080,100,60.00
0.8,0.080,100,80.00
0.8,0.080,100,100.00
0.8,0.080,100,70.00
0.8,0.080,100,85.00
0.8,0.080,100,85.00
0.8,0.080,100,85.00
0.8,0.080,100,80.00
0.8,0.080,120,70.00
0.8,0.080,120,80.00
0.8,0.080,120,95.00
0.8,0.080,120,90.00
0.8,0.080,120,75.00
0.8,0.080,120,80.00
0.8,0.080,120,80.00
0.8,0.080,120,60.00
0.8,0.080,120,80.00
0.8,0.080,120,70.00
0.8,0.080,150,85.00
0.8,0.080,150,95.00
0.8,0.080,150,80.00
0.8,0.080,150,65.00
0.8,0.080,150,85.00
0.8,0.080,150,95.00
0.8,0.080,150,65.00
0.8,0.080,150,85.00
0.8,0.080,150,65.00
0.8,0.080,150,95.00
0.8,0.080,200,95.00
0.8,0.080,200,95.00
0.8,0.080,200,95.00
0.8,0.080,200,100.00
0.8,0.080,200,100.00
0.8,0.080,200,95.00
0.8,0.080,200,80.00
0.8,0.080,200,85.00
0.8,0.080,200,80.00
0.8,0.080,200,95.00
0.8,0.080,300,95.00
0.8,0.080,300,95.00
0.8,0.080,300,80.00
0.8,0.080,300,80.00
0.8,0.080,300,95.00
0.8,0.080,300,95.00
0.8,0.080,300,95.00
0.8,0.080,300,95.00
0.8,0.080,300,95.00
0.8,0.080,300,95.00
0.8,0.050,20,50.00
0.8,0.050,20,50.00
0.8,0.050,20,50.00
0.8,0.050,20,50.00
0.8,0.050,20,50.00
0.8,0.050,20,60.00
0.8,0.050,20,50.00
0.8,0.050,20,50.00
0.8,0.050,20,50.00
0.8,0.050,20,50.00
0.8,0.050,50,60.00
0.8,0.050,50,70.00
0.8,0.050,50,70.00
0.8,0.050,50,70.00
0.8,0.050,50,70.00
0.8,0.050,50,80.00
0.8,0.050,50,60.00
0.8,0.050,50,60.00
0.8,0.050,50,60.00
0.8,0.050,50,80.00
0.8,0.050,80,90.00
0.8,0.050,80,100.00
0.8,0.050,80,80.00
0.8,0.050,80,60.00
0.8,0.050,80,85.00
0.8,0.050,80,60.00
0.8,0.050,80,60.00
0.8,0.050,80,100.00
0.8,0.050,80,100.00
0.8,0.050,80,60.00
0.8,0.050,100,70.00
0.8,0.050,100,60.00
0.8,0.050,100,60.00
0.8,0.050,100,60.00
0.8,0.050,100,70.00
0.8,0.050,100,65.00
0.8,0.050,100,100.00
0.8,0.050,100,60.00
0.8,0.050,100,60.00
0.8,0.050,100,60.00
0.8,0.050,120,80.00
0.8,0.050,120,70.00
0.8,0.050,120,70.00
0.8,0.050,120,80.00
0.8,0.050,120,95.00
0.8,0.050,120,75.00
0.8,0.050,120,70.00
0.8,0.050,120,80.00
0.8,0.050,120,60.00
0.8,0.050,120,70.00
0.8,0.050,150,100.00
0.8,0.050,150,85.00
0.8,0.050,150,85.00
0.8,0.050,150,80.00
0.8,0.050,150,80.00
0.8,0.050,150,100.00
0.8,0.050,150,100.00
0.8,0.050,150,100.00
0.8,0.050,150,95.00
0.8,0.050,150,85.00
0.8,0.050,200,85.00
0.8,0.050,200,95.00
0.8,0.050,200,85.00
0.8,0.050,200,95.00
0.8,0.050,200,90.00
0.8,0.050,200,95.00
0.8,0.050,200,85.00
0.8,0.050,200,100.00
0.8,0.050,200,95.00
0.8,0.050,200,95.00
0.8,0.050,300,95.00
0.8,0.050,300,95.00
0.8,0.050,300,95.00
0.8,0.050,300,95.00
0.8,0.050,300,95.00
0.8,0.050,300,95.00
0.8,0.050,300,95.00
0.8,0.050,300,95.00
0.8,0.050,300,80.00
0.8,0.050,300,95.00
0.8,0.020,20,55.00
0.8,0.020,20,50.00
0.8,0.020,20,50.00
0.8,0.020,20,50.00
0.8,0.020,20,50.00
0.8,0.020,20,55.00
0.8,0.020,20,50.00
0.8,0.020,20,60.00
0.8,0.020,20,60.00
0.8,0.020,20,60.00
0.8,0.020,50,65.00
0.8,0.020,50,70.00
0.8,0.020,50,70.00
0.8,0.020,50,80.00
0.8,0.020,50,70.00
0.8,0.020,50,60.00
0.8,0.020,50,100.00
0.8,0.020,50,70.00
0.8,0.020,50,60.00
0.8,0.020,50,90.00
0.8,0.020,80,100.00
0.8,0.020,80,100.00
0.8,0.020,80,85.00
0.8,0.020,80,100.00
0.8,0.020,80,70.00
0.8,0.020,80,100.00
0.8,0.020,80,70.00
0.8,0.020,80,80.00
0.8,0.020,80,60.00
0.8,0.020,80,60.00
0.8,0.020,100,70.00
0.8,0.020,100,60.00
0.8,0.020,100,65.00
0.8,0.020,100,70.00
0.8,0.020,100,60.00
0.8,0.020,100,65.00
0.8,0.020,100,60.00
0.8,0.020,100,70.00
0.8,0.020,100,100.00
0.8,0.020,100,70.00
0.8,0.020,120,70.00
0.8,0.020,120,95.00
0.8,0.020,120,65.00
0.8,0.020,120,75.00
0.8,0.020,120,100.00
0.8,0.020,120,100.00
0.8,0.020,120,85.00
0.8,0.020,120,60.00
0.8,0.020,120,60.00
0.8,0.020,120,70.00
0.8,0.020,150,85.00
0.8,0.020,150,80.00
0.8,0.020,150,80.00
0.8,0.020,150,100.00
0.8,0.020,150,85.00
0.8,0.020,150,100.00
0.8,0.020,150,85.00
0.8,0.020,150,100.00
0.8,0.020,150,85.00
0.8,0.020,150,85.00
0.8,0.020,200,100.00
0.8,0.020,200,85.00
0.8,0.020,200,95.00
0.8,0.020,200,85.00
0.8,0.020,200,85.00
0.8,0.020,200,95.00
0.8,0.020,200,95.00
0.8,0.020,200,100.00
0.8,0.020,200,100.00
0.8,0.020,200,95.00
0.8,0.020,300,95.00
0.8,0.020,300,95.00
0.8,0.020,300,95.00
0.8,0.020,300,95.00
0.8,0.020,300,80.00
0.8,0.020,300,95.00
0.8,0.020,300,95.00
0.8,0.020,300,95.00
0.8,0.020,300,95.00
0.8,0.020,300,90.00
0.8,0.010,20,50.00
0.8,0.010,20,50.00
0.8,0.010,20,50.00
0.8,0.010,20,60.00
0.8,0.010,20,60.00
0.8,0.010,20,60.00
0.8,0.010,20,80.00
0.8,0.010,20,90.00
0.8,0.010,20,65.00
0.8,0.010,20,50.00
0.8,0.010,50,80.00
0.8,0.010,50,60.00
0.8,0.010,50,60.00
0.8,0.010,50,60.00
0.8,0.010,50,75.00
0.8,0.010,50,95.00
0.8,0.010,50,60.00
0.8,0.010,50,95.00
0.8,0.010,50,85.00
0.8,0.010,50,75.00
0.8,0.010,80,95.00
0.8,0.010,80,95.00
0.8,0.010,80,100.00
0.8,0.010,80,95.00
0.8,0.010,80,60.00
0.8,0.010,80,95.00
0.8,0.010,80,70.00
0.8,0.010,80,85.00
0.8,0.010,80,100.00
0.8,0.010,80,60.00
0.8,0.010,100,80.00
0.8,0.010,100,100.00
0.8,0.010,100,70.00
0.8,0.010,100,80.00
0.8,0.010,100,75.00
0.8,0.010,100,80.00
0.8,0.010,100,70.00
0.8,0.010,100,95.00
0.8,0.010,100,100.00
0.8,0.010,100,95.00
0.8,0.010,120,75.00
0.8,0.010,120,65.00
0.8,0.010,120,80.00
0.8,0.010,120,80.00
0.8,0.010,120,100.00
0.8,0.010,120,75.00
0.8,0.010,120,90.00
0.8,0.010,120,80.00
0.8,0.010,120,80.00
0.8,0.010,120,65.00
0.8,0.010,150,100.00
0.8,0.010,150,80.00
0.8,0.010,150,95.00
0.8,0.010,150,65.00
0.8,0.010,150,100.00
0.8,0.010,150,70.00
0.8,0.010,150,95.00
0.8,0.010,150,100.00
0.8,0.010,150,95.00
0.8,0.010,150,85.00
0.8,0.010,200,95.00
0.8,0.010,200,95.00
0.8,0.010,200,85.00
0.8,0.010,200,100.00
0.8,0.010,200,95.00
0.8,0.010,200,85.00
0.8,0.010,200,80.00
0.8,0.010,200,85.00
0.8,0.010,200,100.00
0.8,0.010,200,95.00
0.8,0.010,300,95.00
0.8,0.010,300,95.00
0.8,0.010,300,95.00
0.8,0.010,300,95.00
0.8,0.010,300,100.00
0.8,0.010,300,95.00
0.8,0.010,300,95.00
0.8,0.010,300,95.00
0.8,0.010,300,95.00
0.8,0.010,300,95.00
0.8,0.005,20,70.00
0.8,0.005,20,50.00
0.8,0.005,20,50.00
0.8,0.005,20,50.00
0.8,0.005,20,65.00
0.8,0.005,20,75.00
0.8,0.005,20,50.00
0.8,0.005,20,50.00
0.8,0.005,20,65.00
0.8,0.005,20,50.00
0.8,0.005,50,95.00
0.8,0.005,50,70.00
0.8,0.005,50,100.00
0.8,0.005,50,100.00
0.8,0.005,50,55.00
0.8,0.005,50,85.00
0.8,0.005,50,50.00
0.8,0.005,50,70.00
0.8,0.005,50,95.00
0.8,0.005,50,65.00
0.8,0.005,80,85.00
0.8,0.005,80,80.00
0.8,0.005,80,95.00
0.8,0.005,80,50.00
0.8,0.005,80,60.00
0.8,0.005,80,65.00
0.8,0.005,80,65.00
0.8,0.005,80,75.00
0.8,0.005,80,75.00
0.8,0.005,80,80.00
0.8,0.005,100,95.00
0.8,0.005,100,70.00
0.8,0.005,100,95.00
0.8,0.005,100,70.00
0.8,0.005,100,90.00
0.8,0.005,100,60.00
0.8,0.005,100,85.00
0.8,0.005,100,80.00
0.8,0.005,100,85.00
0.8,0.005,100,65.00
0.8,0.005,120,70.00
0.8,0.005,120,60.00
0.8,0.005,120,85.00
0.8,0.005,120,80.00
0.8,0.005,120,90.00
0.8,0.005,120,95.00
0.8,0.005,120,70.00
0.8,0.005,120,85.00
0.8,0.005,120,85.00
0.8,0.005,120,85.00
0.8,0.005,150,80.00
0.8,0.005,150,90.00
0.8,0.005,150,90.00
0.8,0.005,150,90.00
0.8,0.005,150,95.00
0.8,0.005,150,95.00
0.8,0.005,150,100.00
0.8,0.005,150,100.00
0.8,0.005,150,80.00
0.8,0.005,150,90.00
0.8,0.005,200,95.00
0.8,0.005,200,95.00
0.8,0.005,200,95.00
0.8,0.005,200,95.00
0.8,0.005,200,95.00
0.8,0.005,200,90.00
0.8,0.005,200,100.00
0.8,0.005,200,95.00
0.8,0.005,200,100.00
0.8,0.005,200,95.00
0.8,0.005,300,95.00
0.8,0.005,300,75.00
0.8,0.005,300,100.00
0.8,0.005,300,80.00
0.8,0.005,300,95.00
0.8,0.005,300,90.00
0.8,0.005,300,95.00
0.8,0.005,300,90.00
0.8,0.005,300,95.00
0.8,0.005,300,95.00
0.7,0.500,20,50.00
0.7,0.500,20,50.00
0.7,0.500,20,50.00
0.7,0.500,20,50.00
0.7,0.500,20,50.00
0.7,0.500,20,50.00
0.7,0.500,20,50.00
0.7,0.500,20,50.00
0.7,0.500,20,50.00
0.7,0.500,20,50.00
0.7,0.500,50,73.33
0.7,0.500,50,73.33
0.7,0.500,50,83.33
0.7,0.500,50,83.33
0.7,0.500,50,76.67
0.7,0.500,50,73.33
0.7,0.500,50,76.67
0.7,0.500,50,73.33
0.7,0.500,50,73.33
0.7,0.500,50,73.33
0.7,0.500,80,66.67
0.7,0.500,80,83.33
0.7,0.500,80,56.67
0.7,0.500,80,60.00
0.7,0.500,80,96.67
0.7,0.500,80,66.67
0.7,0.500,80,60.00
0.7,0.500,80,60.00
0.7,0.500,80,56.67
0.7,0.500,80,73.33
0.7,0.500,100,63.33
0.7,0.500,100,83.33
0.7,0.500,100,63.33
0.7,0.500,100,63.33
0.7,0.500,100,56.67
0.7,0.500,100,63.33
0.7,0.500,100,70.00
0.7,0.500,100,63.33
0.7,0.500,100,56.67
0.7,0.500,100,70.00
0.7,0.500,120,73.33
0.7,0.500,120,73.33
0.7,0.500,120,80.00
0.7,0.500,120,76.67
0.7,0.500,120,73.33
0.7,0.500,120,73.33
0.7,0.500,120,73.33
0.7,0.500,120,73.33
0.7,0.500,120,73.33
0.7,0.500,120,73.33
0.7,0.500,150,86.67
0.7,0.500,150,86.67
0.7,0.500,150,80.00
0.7,0.500,150,80.00
0.7,0.500,150,86.67
0.7,0.500,150,80.00
0.7,0.500,150,86.67
0.7,0.500,150,100.00
0.7,0.500,150,83.33
0.7,0.500,150,86.67
0.7,0.500,200,86.67
0.7,0.500,200,96.67
0.7,0.500,200,96.67
0.7,0.500,200,90.00
0.7,0.500,200,86.67
0.7,0.500,200,96.67
0.7,0.500,200,100.00
0.7,0.500,200,90.00
0.7,0.500,200,93.33
0.7,0.500,200,96.67
0.7,0.500,300,93.33
0.7,0.500,300,96.67
0.7,0.500,300,93.33
0.7,0.500,300,93.33
0.7,0.500,300,80.00
0.7,0.500,300,80.00
0.7,0.500,300,96.67
0.7,0.500,300,80.00
0.7,0.500,300,93.33
0.7,0.500,300,96.67
0.7,0.200,20,50.00
0.7,0.200,20,50.00
0.7,0.200,20,50.00
0.7,0.200,20,50.00
0.7,0.200,20,50.00
0.7,0.200,20,50.00
0.7,0.200,20,50.00
0.7,0.200,20,50.00
0.7,0.200,20,50.00
0.7,0.200,20,50.00
0.7,0.200,50,56.67
0.7,0.200,50,83.33
0.7,0.200,50,83.33
0.7,0.200,50,83.33
0.7,0.200,50,73.33
0.7,0.200,50,83.33
0.7,0.200,50,56.67
0.7,0.200,50,56.67
0.7,0.200,50,73.33
0.7,0.200,50,76.67
0.7,0.200,80,73.33
0.7,0.200,80,86.67
0.7,0.200,80,56.67
0.7,0.200,80,73.33
0.7,0.200,80,56.67
0.7,0.200,80,90.00
0.7,0.200,80,60.00
0.7,0.200,80,80.00
0.7,0.200,80,56.67
0.7,0.200,80,96.67
0.7,0.200,100,63.33
0.7,0.200,100,63.33
0.7,0.200,100,56.67
0.7,0.200,100,56.67
0.7,0.200,100,80.00
0.7,0.200,100,70.00
0.7,0.200,100,56.67
0.7,0.200,100,73.33
0.7,0.200,100,73.33
0.7,0.200,100,70.00
0.7,0.200,120,73.33
0.7,0.200,120,73.33
0.7,0.200,120,76.67
0.7,0.200,120,73.33
0.7,0.200,120,73.33
0.7,0.200,120,93.33
0.7,0.200,120,73.33
0.7,0.200,120,86.67
0.7,0.200,120,73.33
0.7,0.200,120,73.33
0.7,0.200,150,100.00
0.7,0.200,150,86.67
0.7,0.200,150,80.00
0.7,0.200,150,66.67
0.7,0.200,150,86.67
0.7,0.200,150,86.67
0.7,0.200,150,70.00
0.7,0.200,150,86.67
0.7,0.200,150,86.67
0.7,0.200,150,83.33
0.7,0.200,200,93.33
0.7,0.200,200,93.33
0.7,0.200,200,93.33
0.7,0.200,200,96.67
0.7,0.200,200,100.00
0.7,0.200,200,83.33
0.7,0.200,200,93.33
0.7,0.200,200,100.00
0.7,0.200,200,93.33
0.7,0.200,200,80.00
0.7,0.200,300,93.33
0.7,0.200,300,93.33
0.7,0.200,300,96.67
0.7,0.200,300,93.33
0.7,0.200,300,96.67
0.7,0.200,300,96.67
0.7,0.200,300,93.33
0.7,0.200,300,80.00
0.7,0.200,300,93.33
0.7,0.200,300,93.33
0.7,0.100,20,50.00
0.7,0.100,20,50.00
0.7,0.100,20,50.00
0.7,0.100,20,50.00
0.7,0.100,20,50.00
0.7,0.100,20,50.00
0.7,0.100,20,50.00
0.7,0.100,20,50.00
0.7,0.100,20,50.00
0.7,0.100,20,50.00
0.7,0.100,50,76.67
0.7,0.100,50,73.33
0.7,0.100,50,73.33
0.7,0.100,50,73.33
0.7,0.100,50,83.33
0.7,0.100,50,76.67
0.7,0.100,50,83.33
0.7,0.100,50,73.33
0.7,0.100,50,73.33
0.7,0.100,50,73.33
0.7,0.100,80,86.67
0.7,0.100,80,56.67
0.7,0.100,80,100.00
0.7,0.100,80,56.67
0.7,0.100,80,56.67
0.7,0.100,80,90.00
0.7,0.100,80,90.00
0.7,0.100,80,56.67
0.7,0.100,80,73.33
0.7,0.100,80,80.00
0.7,0.100,100,86.67
0.7,0.100,100,63.33
0.7,0.100,100,86.67
0.7,0.100,100,63.33
0.7,0.100,100,73.33
0.7,0.100,100,63.33
0.7,0.100,100,63.33
0.7,0.100,100,63.33
0.7,0.100,100,70.00
0.7,0.100,100,80.00
0.7,0.100,120,73.33
0.7,0.100,120,66.67
0.7,0.100,120,73.33
0.7,0.100,120,93.33
0.7,0.100,120,93.33
0.7,0.100,120,60.00
0.7,0.100,120,73.33
0.7,0.100,120,76.67
0.7,0.100,120,73.33
0.7,0.100,120,73.33
0.7,0.100,150,86.67
0.7,0.100,150,93.33
0.7,0.100,150,93.33
0.7,0.100,150,86.67
0.7,0.100,150,93.33
0.7,0.100,150,86.67
0.7,0.100,150,63.33
0.7,0.100,150,86.67
0.7,0.100,150,63.33
0.7,0.100,150,93.33
0.7,0.100,200,100.00
0.7,0.100,200,100.00
0.7,0.100,200,100.00
0.7,0.100,200,86.67
0.7,0.100,200,90.00
0.7,0.100,200,100.00
0.7,0.100,200,86.67
0.7,0.100,200,93.33
0.7,0.100,200,80.00
0.7,0.100,200,93.33
0.7,0.100,300,96.67
0.7,0.100,300,96.67
0.7,0.100,300,80.00
0.7,0.100,300,96.67
0.7,0.100,300,96.67
0.7,0.100,300,93.33
0.7,0.100,300,93.33
0.7,0.100,300,93.33
0.7,0.100,300,96.67
0.7,0.100,300,93.33
0.7,0.080,20,50.00
0.7,0.080,20,53.33
0.7,0.080,20,50.00
0.7,0.080,20,50.00
0.7,0.080,20,50.00
0.7,0.080,20,50.00
0.7,0.080,20,50.00
0.7,0.080,20,50.00
0.7,0.080,20,50.00
0.7,0.080,20,50.00
0.7,0.080,50,73.33
0.7,0.080,50,76.67
0.7,0.080,50,70.00
0.7,0.080,50,73.33
0.7,0.080,50,83.33
0.7,0.080,50,73.33
0.7,0.080,50,56.67
0.7,0.080,50,83.33
0.7,0.080,50,73.33
0.7,0.080,50,83.33
0.7,0.080,80,56.67
0.7,0.080,80,96.67
0.7,0.080,80,60.00
0.7,0.080,80,56.67
0.7,0.080,80,56.67
0.7,0.080,80,100.00
0.7,0.080,80,80.00
0.7,0.080,80,63.33
0.7,0.080,80,96.67
0.7,0.080,80,93.33
0.7,0.080,100,80.00
0.7,0.080,100,80.00
0.7,0.080,100,80.00
0.7,0.080,100,80.00
0.7,0.080,100,70.00
0.7,0.080,100,63.33
0.7,0.080,100,80.00
0.7,0.080,100,73.33
0.7,0.080,100,76.67
0.7,0.080,100,70.00
0.7,0.080,120,73.33
0.7,0.080,120,73.33
0.7,0.080,120,80.00
0.7,0.080,120,56.67
0.7,0.080,120,73.33
0.7,0.080,120,80.00
0.7,0.080,120,70.00
0.7,0.080,120,73.33
0.7,0.080,120,73.33
0.7,0.080,120,73.33
0.7,0.080,150,93.33
0.7,0.080,150,83.33
0.7,0.080,150,70.00
0.7,0.080,150,93.33
0.7,0.080,150,86.67
0.7,0.080,150,86.67
0.7,0.080,150,70.00
0.7,0.080,150,93.33
0.7,0.080,150,93.33
0.7,0.080,150,83.33
0.7,0.080,200,100.00
0.7,0.080,200,93.33
0.7,0.080,200,100.00
0.7,0.080,200,100.00
0.7,0.080,200,80.00
0.7,0.080,200,93.33
0.7,0.080,200,93.33
0.7,0.080,200,93.33
0.7,0.080,200,100.00
0.7,0.080,200,83.33
0.7,0.080,300,96.67
0.7,0.080,300,96.67
0.7,0.080,300,96.67
0.7,0.080,300,90.00
0.7,0.080,300,96.67
0.7,0.080,300,96.67
0.7,0.080,300,96.67
0.7,0.080,300,90.00
0.7,0.080,300,96.67
0.7,0.080,300,96.67
0.7,0.050,20,50.00
0.7,0.050,20,53.33
0.7,0.050,20,50.00
0.7,0.050,20,50.00
0.7,0.050,20,50.00
0.7,0.050,20,50.00
0.7,0.050,20,50.00
0.7,0.050,20,50.00
0.7,0.050,20,56.67
0.7,0.050,20,50.00
0.7,0.050,50,56.67
0.7,0.050,50,56.67
0.7,0.050,50,73.33
0.7,0.050,50,73.33
0.7,0.050,50,83.33
0.7,0.050,50,73.33
0.7,0.050,50,83.33
0.7,0.050,50,73.33
0.7,0.050,50,60.00
0.7,0.050,50,80.00
0.7,0.050,80,60.00
0.7,0.050,80,56.67
0.7,0.050,80,63.33
0.7,0.050,80,56.67
0.7,0.050,80,60.00
0.7,0.050,80,83.33
0.7,0.050,80,60.00
0.7,0.050,80,56.67
0.7,0.050,80,60.00
0.7,0.050,80,76.67
0.7,0.050,100,80.00
0.7,0.050,100,93.33
0.7,0.050,100,70.00
0.7,0.050,100,60.00
0.7,0.050,100,70.00
0.7,0.050,100,73.33
0.7,0.050,100,63.33
0.7,0.050,100,70.00
0.7,0.050,100,63.33
0.7,0.050,100,70.00
0.7,0.050,120,73.33
0.7,0.050,120,93.33
0.7,0.050,120,73.33
0.7,0.050,120,93.33
0.7,0.050,120,76.67
0.7,0.050,120,63.33
0.7,0.050,120,93.33
0.7,0.050,120,76.67
0.7,0.050,120,73.33
0.7,0.050,120,73.33
0.7,0.050,150,100.00
0.7,0.050,150,100.00
0.7,0.050,150,80.00
0.7,0.050,150,86.67
0.7,0.050,150,100.00
0.7,0.050,150,93.33
0.7,0.050,150,93.33
0.7,0.050,150,93.33
0.7,0.050,150,86.67
0.7,0.050,150,86.67
0.7,0.050,200,93.33
0.7,0.050,200,100.00
0.7,0.050,200,100.00
0.7,0.050,200,86.67
0.7,0.050,200,93.33
0.7,0.050,200,96.67
0.7,0.050,200,100.00
0.7,0.050,200,83.33
0.7,0.050,200,90.00
0.7,0.050,200,73.33
0.7,0.050,300,93.33
0.7,0.050,300,96.67
0.7,0.050,300,80.00
0.7,0.050,300,96.67
0.7,0.050,300,96.67
0.7,0.050,300,93.33
0.7,0.050,300,93.33
0.7,0.050,300,96.67
0.7,0.050,300,80.00
0.7,0.050,300,96.67
0.7,0.020,20,56.67
0.7,0.020,20,50.00
0.7,0.020,20,50.00
0.7,0.020,20,50.00
0.7,0.020,20,56.67
0.7,0.020,20,50.00
0.7,0.020,20,56.67
0.7,0.020,20,50.00
0.7,0.020,20,50.00
0.7,0.020,20,50.00
0.7,0.020,50,50.00
0.7,0.020,50,56.67
0.7,0.020,50,76.67
0.7,0.020,50,56.67
0.7,0.020,50,80.00
0.7,0.020,50,66.67
0.7,0.020,50,76.67
0.7,0.020,50,76.67
0.7,0.020,50,80.00
0.7,0.020,50,80.00
0.7,0.020,80,96.67
0.7,0.020,80,90.00
0.7,0.020,80,100.00
0.7,0.020,80,60.00
0.7,0.020,80,63.33
0.7,0.020,80,73.33
0.7,0.020,80,56.67
0.7,0.020,80,86.67
0.7,0.020,80,56.67
0.7,0.020,80,66.67
0.7,0.020,100,66.67
0.7,0.020,100,73.33
0.7,0.020,100,83.33
0.7,0.020,100,73.33
0.7,0.020,100,63.33
0.7,0.020,100,86.67
0.7,0.020,100,63.33
0.7,0.020,100,70.00
0.7,0.020,100,63.33
0.7,0.020,100,56.67
0.7,0.020,120,73.33
0.7,0.020,120,73.33
0.7,0.020,120,73.33
0.7,0.020,120,70.00
0.7,0.020,120,76.67
0.7,0.020,120,80.00
0.7,0.020,120,80.00
0.7,0.020,120,86.67
0.7,0.020,120,83.33
0.7,0.020,120,73.33
0.7,0.020,150,83.33
0.7,0.020,150,90.00
0.7,0.020,150,100.00
0.7,0.020,150,83.33
0.7,0.020,150,80.00
0.7,0.020,150,86.67
0.7,0.020,150,80.00
0.7,0.020,150,96.67
0.7,0.020,150,93.33
0.7,0.020,150,100.00
0.7,0.020,200,96.67
0.7,0.020,200,86.67
0.7,0.020,200,100.00
0.7,0.020,200,86.67
0.7,0.020,200,86.67
0.7,0.020,200,96.67
0.7,0.020,200,100.00
0.7,0.020,200,73.33
0.7,0.020,200,96.67
0.7,0.020,200,80.00
0.7,0.020,300,93.33
0.7,0.020,300,93.33
0.7,0.020,300,93.33
0.7,0.020,300,96.67
0.7,0.020,300,96.67
0.7,0.020,300,100.00
0.7,0.020,300,86.67
0.7,0.020,300,96.67
0.7,0.020,300,90.00
0.7,0.020,300,96.67
0.7,0.010,20,50.00
0.7,0.010,20,70.00
0.7,0.010,20,60.00
0.7,0.010,20,56.67
0.7,0.010,20,50.00
0.7,0.010,20,76.67
0.7,0.010,20,56.67
0.7,0.010,20,70.00
0.7,0.010,20,63.33
0.7,0.010,20,53.33
0.7,0.010,50,60.00
0.7,0.010,50,80.00
0.7,0.010,50,63.33
0.7,0.010,50,86.67
0.7,0.010,50,76.67
0.7,0.010,50,80.00
0.7,0.010,50,56.67
0.7,0.010,50,63.33
0.7,0.010,50,63.33
0.7,0.010,50,56.67
0.7,0.010,80,56.67
0.7,0.010,80,56.67
0.7,0.010,80,90.00
0.7,0.010,80,66.67
0.7,0.010,80,100.00
0.7,0.010,80,56.67
0.7,0.010,80,66.67
0.7,0.010,80,63.33
0.7,0.010,80,96.67
0.7,0.010,80,56.67
0.7,0.010,100,73.33
0.7,0.010,100,90.00
0.7,0.010,100,76.67
0.7,0.010,100,100.00
0.7,0.010,100,90.00
0.7,0.010,100,60.00
0.7,0.010,100,70.00
0.7,0.010,100,56.67
0.7,0.010,100,56.67
0.7,0.010,100,60.00
0.7,0.010,120,80.00
0.7,0.010,120,73.33
0.7,0.010,120,90.00
0.7,0.010,120,63.33
0.7,0.010,120,80.00
0.7,0.010,120,73.33
0.7,0.010,120,93.33
0.7,0.010,120,73.33
0.7,0.010,120,73.33
0.7,0.010,120,100.00
0.7,0.010,150,93.33
0.7,0.010,150,86.67
0.7,0.010,150,86.67
0.7,0.010,150,86.67
0.7,0.010,150,96.67
0.7,0.010,150,83.33
0.7,0.010,150,60.00
0.7,0.010,150,80.00
0.7,0.010,150,80.00
0.7,0.010,150,86.67
0.7,0.010,200,73.33
0.7,0.010,200,86.67
0.7,0.010,200,100.00
0.7,0.010,200,96.67
0.7,0.010,200,73.33
0.7,0.010,200,90.00
0.7,0.010,200,86.67
0.7,0.010,200,96.67
0.7,0.010,200,86.67
0.7,0.010,200,96.67
0.7,0.010,300,93.33
0.7,0.010,300,96.67
0.7,0.010,300,93.33
0.7,0.010,300,96.67
0.7,0.010,300,96.67
0.7,0.010,300,93.33
0.7,0.010,300,93.33
0.7,0.010,300,80.00
0.7,0.010,300,93.33
0.7,0.010,300,96.67
0.7,0.005,20,53.33
0.7,0.005,20,70.00
0.7,0.005,20,46.67
0.7,0.005,20,50.00
0.7,0.005,20,50.00
0.7,0.005,20,90.00
0.7,0.005,20,50.00
0.7,0.005,20,50.00
0.7,0.005,20,50.00
0.7,0.005,20,73.33
0.7,0.005,50,86.67
0.7,0.005,50,50.00
0.7,0.005,50,53.33
0.7,0.005,50,53.33
0.7,0.005,50,50.00
0.7,0.005,50,76.67
0.7,0.005,50,80.00
0.7,0.005,50,60.00
0.7,0.005,50,56.67
0.7,0.005,50,60.00
0.7,0.005,80,83.33
0.7,0.005,80,56.67
0.7,0.005,80,53.33
0.7,0.005,80,80.00
0.7,0.005,80,80.00
0.7,0.005,80,90.00
0.7,0.005,80,76.67
0.7,0.005,80,93.33
0.7,0.005,80,53.33
0.7,0.005,80,100.00
0.7,0.005,100,93.33
0.7,0.005,100,60.00
0.7,0.005,100,90.00
0.7,0.005,100,73.33
0.7,0.005,100,56.67
0.7,0.005,100,76.67
0.7,0.005,100,80.00
0.7,0.005,100,100.00
0.7,0.005,100,66.67
0.7,0.005,100,73.33
0.7,0.005,120,100.00
0.7,0.005,120,70.00
0.7,0.005,120,93.33
0.7,0.005,120,83.33
0.7,0.005,120,83.33
0.7,0.005,120,83.33
0.7,0.005,120,76.67
0.7,0.005,120,80.00
0.7,0.005,120,100.00
0.7,0.005,120,76.67
0.7,0.005,150,93.33
0.7,0.005,150,86.67
0.7,0.005,150,86.67
0.7,0.005,150,76.67
0.7,0.005,150,93.33
0.7,0.005,150,96.67
0.7,0.005,150,96.67
0.7,0.005,150,60.00
0.7,0.005,150,86.67
0.7,0.005,150,100.00
0.7,0.005,200,93.33
0.7,0.005,200,100.00
0.7,0.005,200,96.67
0.7,0.005,200,90.00
0.7,0.005,200,73.33
0.7,0.005,200,100.00
0.7,0.005,200,93.33
0.7,0.005,200,86.67
0.7,0.005,200,83.33
0.7,0.005,200,96.67
0.7,0.005,300,93.33
0.7,0.005,300,93.33
0.7,0.005,300,96.67
0.7,0.005,300,96.67
0.7,0.005,300,86.67
0.7,0.005,300,96.67
0.7,0.005,300,100.00
0.7,0.005,300,96.67
0.7,0.005,300,96.67
0.7,0.005,300,90.00
0.6,0.500,20,50.00
0.6,0.500,20,50.00
0.6,0.500,20,50.00
0.6,0.500,20,50.00
0.6,0.500,20,50.00
0.6,0.500,20,50.00
0.6,0.500,20,50.00
0.6,0.500,20,50.00
0.6,0.500,20,50.00
0.6,0.500,20,50.00
0.6,0.500,50,80.00
0.6,0.500,50,75.00
0.6,0.500,50,67.50
0.6,0.500,50,80.00
0.6,0.500,50,75.00
0.6,0.500,50,67.50
0.6,0.500,50,67.50
0.6,0.500,50,72.50
0.6,0.500,50,72.50
0.6,0.500,50,55.00
0.6,0.500,80,97.50
0.6,0.500,80,97.50
0.6,0.500,80,97.50
0.6,0.500,80,97.50
0.6,0.500,80,97.50
0.6,0.500,80,100.00
0.6,0.500,80,97.50
0.6,0.500,80,97.50
0.6,0.500,80,97.50
0.6,0.500,80,100.00
0.6,0.500,100,100.00
0.6,0.500,100,100.00
0.6,0.500,100,95.00
0.6,0.500,100,100.00
0.6,0.500,100,100.00
0.6,0.500,100,97.50
0.6,0.500,100,100.00
0.6,0.500,100,100.00
0.6,0.500,100,95.00
0.6,0.500,100,100.00
0.6,0.500,120,100.00
0.6,0.500,120,100.00
0.6,0.500,120,100.00
0.6,0.500,120,97.50
0.6,0.500,120,100.00
0.6,0.500,120,97.50
0.6,0.500,120,100.00
0.6,0.500,120,100.00
0.6,0.500,120,100.00
0.6,0.500,120,100.00
0.6,0.500,150,77.50
0.6,0.500,150,92.50
0.6,0.500,150,60.00
0.6,0.500,150,87.50
0.6,0.500,150,97.50
0.6,0.500,150,97.50
0.6,0.500,150,97.50
0.6,0.500,150,97.50
0.6,0.500,150,67.50
0.6,0.500,150,75.00
0.6,0.500,200,92.50
0.6,0.500,200,92.50
0.6,0.500,200,67.50
0.6,0.500,200,92.50
0.6,0.500,200,92.50
0.6,0.500,200,100.00
0.6,0.500,200,92.50
0.6,0.500,200,92.50
0.6,0.500,200,75.00
0.6,0.500,200,92.50
0.6,0.500,300,97.50
0.6,0.500,300,97.50
0.6,0.500,300,92.50
0.6,0.500,300,97.50
0.6,0.500,300,70.00
0.6,0.500,300,97.50
0.6,0.500,300,92.50
0.6,0.500,300,97.50
0.6,0.500,300,97.50
0.6,0.500,300,97.50
0.6,0.200,20,50.00
0.6,0.200,20,50.00
0.6,0.200,20,50.00
0.6,0.200,20,50.00
0.6,0.200,20,50.00
0.6,0.200,20,50.00
0.6,0.200,20,50.00
0.6,0.200,20,50.00
0.6,0.200,20,50.00
0.6,0.200,20,50.00
0.6,0.200,50,75.00
0.6,0.200,50,67.50
0.6,0.200,50,67.50
0.6,0.200,50,82.50
0.6,0.200,50,67.50
0.6,0.200,50,67.50
0.6,0.200,50,75.00
0.6,0.200,50,55.00
0.6,0.200,50,67.50
0.6,0.200,50,55.00
0.6,0.200,80,97.50
0.6,0.200,80,97.50
0.6,0.200,80,100.00
0.6,0.200,80,97.50
0.6,0.200,80,100.00
0.6,0.200,80,100.00
0.6,0.200,80,92.50
0.6,0.200,80,100.00
0.6,0.200,80,97.50
0.6,0.200,80,97.50
0.6,0.200,100,100.00
0.6,0.200,100,97.50
0.6,0.200,100,100.00
0.6,0.200,100,97.50
0.6,0.200,100,100.00
0.6,0.200,100,55.00
0.6,0.200,100,97.50
0.6,0.200,100,95.00
0.6,0.200,100,100.00
0.6,0.200,100,97.50
0.6,0.200,120,100.00
0.6,0.200,120,100.00
0.6,0.200,120,100.00
0.6,0.200,120,100.00
0.6,0.200,120,97.50
0.6,0.200,120,100.00
0.6,0.200,120,97.50
0.6,0.200,120,100.00
0.6,0.200,120,100.00
0.6,0.200,120,97.50
0.6,0.200,150,77.50
0.6,0.200,150,67.50
0.6,0.200,150,57.50
0.6,0.200,150,72.50
0.6,0.200,150,97.50
0.6,0.200,150,67.50
0.6,0.200,150,97.50
0.6,0.200,150,97.50
0.6,0.200,150,65.00
0.6,0.200,150,65.00
0.6,0.200,200,92.50
0.6,0.200,200,92.50
0.6,0.200,200,80.00
0.6,0.200,200,92.50
0.6,0.200,200,67.50
0.6,0.200,200,62.50
0.6,0.200,200,100.00
0.6,0.200,200,82.50
0.6,0.200,200,90.00
0.6,0.200,200,95.00
0.6,0.200,300,100.00
0.6,0.200,300,90.00
0.6,0.200,300,92.50
0.6,0.200,300,97.50
0.6,0.200,300,92.50
0.6,0.200,300,97.50
0.6,0.200,300,92.50
0.6,0.200,300,92.50
0.6,0.200,300,92.50
0.6,0.200,300,92.50
0.6,0.100,20,50.00
0.6,0.100,20,50.00
0.6,0.100,20,50.00
0.6,0.100,20,50.00
0.6,0.100,20,50.00
0.6,0.100,20,50.00
0.6,0.100,20,50.00
0.6,0.100,20,50.00
0.6,0.100,20,50.00
0.6,0.100,20,50.00
0.6,0.100,50,75.00
0.6,0.100,50,55.00
0.6,0.100,50,72.50
0.6,0.100,50,75.00
0.6,0.100,50,82.50
0.6,0.100,50,67.50
0.6,0.100,50,67.50
0.6,0.100,50,75.00
0.6,0.100,50,67.50
0.6,0.100,50,67.50
0.6,0.100,80,97.50
0.6,0.100,80,100.00
0.6,0.100,80,97.50
0.6,0.100,80,55.00
0.6,0.100,80,97.50
0.6,0.100,80,97.50
0.6,0.100,80,97.50
0.6,0.100,80,100.00
0.6,0.100,80,100.00
0.6,0.100,80,100.00
0.6,0.100,100,55.00
0.6,0.100,100,95.00
0.6,0.100,100,100.00
0.6,0.100,100,95.00
0.6,0.100,100,97.50
0.6,0.100,100,95.00
0.6,0.100,100,55.00
0.6,0.100,100,97.50
0.6,0.100,100,100.00
0.6,0.100,100,100.00
0.6,0.100,120,70.00
0.6,0.100,120,100.00
0.6,0.100,120,97.50
0.6,0.100,120,95.00
0.6,0.100,120,55.00
0.6,0.100,120,100.00
0.6,0.100,120,100.00
0.6,0.100,120,97.50
0.6,0.100,120,100.00
0.6,0.100,120,97.50
0.6,0.100,150,97.50
0.6,0.100,150,85.00
0.6,0.100,150,97.50
0.6,0.100,150,87.50
0.6,0.100,150,75.00
0.6,0.100,150,75.00
0.6,0.100,150,72.50
0.6,0.100,150,97.50
0.6,0.100,150,97.50
0.6,0.100,150,100.00
0.6,0.100,200,90.00
0.6,0.100,200,87.50
0.6,0.100,200,92.50
0.6,0.100,200,95.00
0.6,0.100,200,87.50
0.6,0.100,200,92.50
0.6,0.100,200,90.00
0.6,0.100,200,90.00
0.6,0.100,200,80.00
0.6,0.100,200,92.50
0.6,0.100,300,97.50
0.6,0.100,300,97.50
0.6,0.100,300,70.00
0.6,0.100,300,92.50
0.6,0.100,300,92.50
0.6,0.100,300,85.00
0.6,0.100,300,97.50
0.6,0.100,300,100.00
0.6,0.100,300,92.50
0.6,0.100,300,97.50
0.6,0.080,20,50.00
0.6,0.080,20,50.00
0.6,0.080,20,50.00
0.6,0.080,20,50.00
0.6,0.080,20,50.00
0.6,0.080,20,50.00
0.6,0.080,20,50.00
0.6,0.080,20,50.00
0.6,0.080,20,50.00
0.6,0.080,20,50.00
0.6,0.080,50,67.50
0.6,0.080,50,75.00
0.6,0.080,50,67.50
0.6,0.080,50,72.50
0.6,0.080,50,75.00
0.6,0.080,50,67.50
0.6,0.080,50,72.50
0.6,0.080,50,55.00
0.6,0.080,50,62.50
0.6,0.080,50,82.50
0.6,0.080,80,57.50
0.6,0.080,80,100.00
0.6,0.080,80,100.00
0.6,0.080,80,97.50
0.6,0.080,80,100.00
0.6,0.080,80,97.50
0.6,0.080,80,52.50
0.6,0.080,80,57.50
0.6,0.080,80,97.50
0.6,0.080,80,97.50
0.6,0.080,100,100.00
0.6,0.080,100,100.00
0.6,0.080,100,100.00
0.6,0.080,100,97.50
0.6,0.080,100,97.50
0.6,0.080,100,97.50
0.6,0.080,100,95.00
0.6,0.080,100,95.00
0.6,0.080,100,95.00
0.6,0.080,100,95.00
0.6,0.080,120,100.00
0.6,0.080,120,97.50
0.6,0.080,120,97.50
0.6,0.080,120,100.00
0.6,0.080,120,95.00
0.6,0.080,120,97.50
0.6,0.080,120,97.50
0.6,0.080,120,100.00
0.6,0.080,120,100.00
0.6,0.080,120,77.50
0.6,0.080,150,97.50
0.6,0.080,150,90.00
0.6,0.080,150,57.50
0.6,0.080,150,100.00
0.6,0.080,150,92.50
0.6,0.080,150,90.00
0.6,0.080,150,97.50
0.6,0.080,150,97.50
0.6,0.080,150,57.50
0.6,0.080,150,72.50
0.6,0.080,200,95.00
0.6,0.080,200,90.00
0.6,0.080,200,95.00
0.6,0.080,200,95.00
0.6,0.080,200,80.00
0.6,0.080,200,90.00
0.6,0.080,200,95.00
0.6,0.080,200,100.00
0.6,0.080,200,80.00
0.6,0.080,200,85.00
0.6,0.080,300,92.50
0.6,0.080,300,92.50
0.6,0.080,300,92.50
0.6,0.080,300,100.00
0.6,0.080,300,92.50
0.6,0.080,300,90.00
0.6,0.080,300,87.50
0.6,0.080,300,92.50
0.6,0.080,300,97.50
0.6,0.080,300,92.50
0.6,0.050,20,55.00
0.6,0.050,20,50.00
0.6,0.050,20,50.00
0.6,0.050,20,55.00
0.6,0.050,20,50.00
0.6,0.050,20,50.00
0.6,0.050,20,50.00
0.6,0.050,20,50.00
0.6,0.050,20,50.00
0.6,0.050,20,50.00
0.6,0.050,50,70.00
0.6,0.050,50,67.50
0.6,0.050,50,82.50
0.6,0.050,50,50.00
0.6,0.050,50,55.00
0.6,0.050,50,55.00
0.6,0.050,50,82.50
0.6,0.050,50,75.00
0.6,0.050,50,75.00
0.6,0.050,50,55.00
0.6,0.050,80,100.00
0.6,0.050,80,100.00
0.6,0.050,80,100.00
0.6,0.050,80,55.00
0.6,0.050,80,97.50
0.6,0.050,80,95.00
0.6,0.050,80,55.00
0.6,0.050,80,97.50
0.6,0.050,80,100.00
0.6,0.050,80,97.50
0.6,0.050,100,100.00
0.6,0.050,100,80.00
0.6,0.050,100,57.50
0.6,0.050,100,97.50
0.6,0.050,100,97.50
0.6,0.050,100,100.00
0.6,0.050,100,97.50
0.6,0.050,100,95.00
0.6,0.050,100,60.00
0.6,0.050,100,97.50
0.6,0.050,120,70.00
0.6,0.050,120,97.50
0.6,0.050,120,100.00
0.6,0.050,120,100.00
0.6,0.050,120,100.00
0.6,0.050,120,97.50
0.6,0.050,120,100.00
0.6,0.050,120,67.50
0.6,0.050,120,97.50
0.6,0.050,120,97.50
0.6,0.050,150,97.50
0.6,0.050,150,100.00
0.6,0.050,150,65.00
0.6,0.050,150,87.50
0.6,0.050,150,87.50
0.6,0.050,150,75.00
0.6,0.050,150,100.00
0.6,0.050,150,75.00
0.6,0.050,150,80.00
0.6,0.050,150,62.50
0.6,0.050,200,97.50
0.6,0.050,200,80.00
0.6,0.050,200,92.50
0.6,0.050,200,90.00
0.6,0.050,200,80.00
0.6,0.050,200,80.00
0.6,0.050,200,92.50
0.6,0.050,200,87.50
0.6,0.050,200,80.00
0.6,0.050,200,92.50
0.6,0.050,300,87.50
0.6,0.050,300,92.50
0.6,0.050,300,95.00
0.6,0.050,300,100.00
0.6,0.050,300,92.50
0.6,0.050,300,92.50
0.6,0.050,300,97.50
0.6,0.050,300,92.50
0.6,0.050,300,97.50
0.6,0.050,300,97.50
0.6,0.020,20,52.50
0.6,0.020,20,50.00
0.6,0.020,20,50.00
0.6,0.020,20,50.00
0.6,0.020,20,50.00
0.6,0.020,20,72.50
0.6,0.020,20,50.00
0.6,0.020,20,80.00
0.6,0.020,20,55.00
0.6,0.020,20,50.00
0.6,0.020,50,75.00
0.6,0.020,50,72.50
0.6,0.020,50,55.00
0.6,0.020,50,55.00
0.6,0.020,50,67.50
0.6,0.020,50,75.00
0.6,0.020,50,65.00
0.6,0.020,50,72.50
0.6,0.020,50,77.50
0.6,0.020,50,70.00
0.6,0.020,80,100.00
0.6,0.020,80,60.00
0.6,0.020,80,97.50
0.6,0.020,80,55.00
0.6,0.020,80,97.50
0.6,0.020,80,97.50
0.6,0.020,80,57.50
0.6,0.020,80,75.00
0.6,0.020,80,55.00
0.6,0.020,80,57.50
0.6,0.020,100,70.00
0.6,0.020,100,100.00
0.6,0.020,100,100.00
0.6,0.020,100,100.00
0.6,0.020,100,57.50
0.6,0.020,100,97.50
0.6,0.020,100,55.00
0.6,0.020,100,100.00
0.6,0.020,100,97.50
0.6,0.020,100,100.00
0.6,0.020,120,100.00
0.6,0.020,120,100.00
0.6,0.020,120,95.00
0.6,0.020,120,97.50
0.6,0.020,120,100.00
0.6,0.020,120,100.00
0.6,0.020,120,100.00
0.6,0.020,120,100.00
0.6,0.020,120,100.00
0.6,0.020,120,100.00
0.6,0.020,150,57.50
0.6,0.020,150,100.00
0.6,0.020,150,97.50
0.6,0.020,150,70.00
0.6,0.020,150,100.00
0.6,0.020,150,67.50
0.6,0.020,150,87.50
0.6,0.020,150,70.00
0.6,0.020,150,92.50
0.6,0.020,150,87.50
0.6,0.020,200,80.00
0.6,0.020,200,80.00
0.6,0.020,200,95.00
0.6,0.020,200,82.50
0.6,0.020,200,92.50
0.6,0.020,200,92.50
0.6,0.020,200,92.50
0.6,0.020,200,95.00
0.6,0.020,200,100.00
0.6,0.020,200,97.50
0.6,0.020,300,97.50
0.6,0.020,300,95.00
0.6,0.020,300,92.50
0.6,0.020,300,92.50
0.6,0.020,300,92.50
0.6,0.020,300,92.50
0.6,0.020,300,97.50
0.6,0.020,300,92.50
0.6,0.020,300,97.50
0.6,0.020,300,70.00
0.6,0.010,20,57.50
0.6,0.010,20,50.00
0.6,0.010,20,50.00
0.6,0.010,20,55.00
0.6,0.010,20,60.00
0.6,0.010,20,57.50
0.6,0.010,20,50.00
0.6,0.010,20,72.50
0.6,0.010,20,62.50
0.6,0.010,20,77.50
0.6,0.010,50,65.00
0.6,0.010,50,82.50
0.6,0.010,50,55.00
0.6,0.010,50,75.00
0.6,0.010,50,50.00
0.6,0.010,50,90.00
0.6,0.010,50,62.50
0.6,0.010,50,80.00
0.6,0.010,50,60.00
0.6,0.010,50,97.50
0.6,0.010,80,57.50
0.6,0.010,80,90.00
0.6,0.010,80,92.50
0.6,0.010,80,55.00
0.6,0.010,80,95.00
0.6,0.010,80,97.50
0.6,0.010,80,77.50
0.6,0.010,80,97.50
0.6,0.010,80,57.50
0.6,0.010,80,60.00
0.6,0.010,100,100.00
0.6,0.010,100,80.00
0.6,0.010,100,100.00
0.6,0.010,100,97.50
0.6,0.010,100,67.50
0.6,0.010,100,62.50
0.6,0.010,100,55.00
0.6,0.010,100,55.00
0.6,0.010,100,65.00
0.6,0.010,100,52.50
0.6,0.010,120,97.50
0.6,0.010,120,67.50
0.6,0.010,120,100.00
0.6,0.010,120,100.00
0.6,0.010,120,100.00
0.6,0.010,120,57.50
0.6,0.010,120,92.50
0.6,0.010,120,100.00
0.6,0.010,120,92.50
0.6,0.010,120,90.00
0.6,0.010,150,82.50
0.6,0.010,150,60.00
0.6,0.010,150,92.50
0.6,0.010,150,85.00
0.6,0.010,150,97.50
0.6,0.010,150,62.50
0.6,0.010,150,80.00
0.6,0.010,150,100.00
0.6,0.010,150,85.00
0.6,0.010,150,75.00
0.6,0.010,200,85.00
0.6,0.010,200,95.00
0.6,0.010,200,92.50
0.6,0.010,200,95.00
0.6,0.010,200,92.50
0.6,0.010,200,95.00
0.6,0.010,200,92.50
0.6,0.010,200,92.50
0.6,0.010,200,100.00
0.6,0.010,200,77.50
0.6,0.010,300,95.00
0.6,0.010,300,100.00
0.6,0.010,300,92.50
0.6,0.010,300,92.50
0.6,0.010,300,97.50
0.6,0.010,300,97.50
0.6,0.010,300,90.00
0.6,0.010,300,97.50
0.6,0.010,300,97.50
0.6,0.010,300,90.00
0.6,0.005,20,77.50
0.6,0.005,20,62.50
0.6,0.005,20,62.50
0.6,0.005,20,57.50
0.6,0.005,20,52.50
0.6,0.005,20,50.00
0.6,0.005,20,55.00
0.6,0.005,20,57.50
0.6,0.005,20,57.50
0.6,0.005,20,62.50
0.6,0.005,50,77.50
0.6,0.005,50,75.00
0.6,0.005,50,80.00
0.6,0.005,50,55.00
0.6,0.005,50,50.00
0.6,0.005,50,77.50
0.6,0.005,50,75.00
0.6,0.005,50,70.00
0.6,0.005,50,77.50
0.6,0.005,50,90.00
0.6,0.005,80,55.00
0.6,0.005,80,67.50
0.6,0.005,80,72.50
0.6,0.005,80,67.50
0.6,0.005,80,100.00
0.6,0.005,80,62.50
0.6,0.005,80,62.50
0.6,0.005,80,82.50
0.6,0.005,80,90.00
0.6,0.005,80,62.50
0.6,0.005,100,90.00
0.6,0.005,100,77.50
0.6,0.005,100,90.00
0.6,0.005,100,100.00
0.6,0.005,100,55.00
0.6,0.005,100,72.50
0.6,0.005,100,82.50
0.6,0.005,100,65.00
0.6,0.005,100,55.00
0.6,0.005,100,82.50
0.6,0.005,120,95.00
0.6,0.005,120,62.50
0.6,0.005,120,55.00
0.6,0.005,120,97.50
0.6,0.005,120,80.00
0.6,0.005,120,95.00
0.6,0.005,120,72.50
0.6,0.005,120,92.50
0.6,0.005,120,67.50
0.6,0.005,120,85.00
0.6,0.005,150,97.50
0.6,0.005,150,70.00
0.6,0.005,150,95.00
0.6,0.005,150,90.00
0.6,0.005,150,100.00
0.6,0.005,150,87.50
0.6,0.005,150,77.50
0.6,0.005,150,65.00
0.6,0.005,150,90.00
0.6,0.005,150,92.50
0.6,0.005,200,90.00
0.6,0.005,200,97.50
0.6,0.005,200,75.00
0.6,0.005,200,80.00
0.6,0.005,200,95.00
0.6,0.005,200,87.50
0.6,0.005,200,67.50
0.6,0.005,200,97.50
0.6,0.005,200,97.50
0.6,0.005,200,90.00
0.6,0.005,300,95.00
0.6,0.005,300,95.00
0.6,0.005,300,90.00
0.6,0.005,300,92.50
0.6,0.005,300,95.00
0.6,0.005,300,92.50
0.6,0.005,300,95.00
0.6,0.005,300,100.00
0.6,0.005,300,92.50
0.6,0.005,300,95.00
0.5,0.500,20,50.00
0.5,0.500,20,50.00
0.5,0.500,20,50.00
0.5,0.500,20,50.00
0.5,0.500,20,50.00
0.5,0.500,20,50.00
0.5,0.500,20,50.00
0.5,0.500,20,50.00
0.5,0.500,20,50.00
0.5,0.500,20,50.00
0.5,0.500,50,74.00
0.5,0.500,50,80.00
0.5,0.500,50,54.00
0.5,0.500,50,72.00
0.5,0.500,50,54.00
0.5,0.500,50,72.00
0.5,0.500,50,54.00
0.5,0.500,50,80.00
0.5,0.500,50,80.00
0.5,0.500,50,74.00
0.5,0.500,80,98.00
0.5,0.500,80,100.00
0.5,0.500,80,98.00
0.5,0.500,80,98.00
0.5,0.500,80,100.00
0.5,0.500,80,100.00
0.5,0.500,80,100.00
0.5,0.500,80,100.00
0.5,0.500,80,98.00
0.5,0.500,80,100.00
0.5,0.500,100,100.00
0.5,0.500,100,98.00
0.5,0.500,100,100.00
0.5,0.500,100,96.00
0.5,0.500,100,96.00
0.5,0.500,100,100.00
0.5,0.500,100,96.00
0.5,0.500,100,96.00
0.5,0.500,100,96.00
0.5,0.500,100,96.00
0.5,0.500,120,100.00
0.5,0.500,120,100.00
0.5,0.500,120,100.00
0.5,0.500,120,100.00
0.5,0.500,120,100.00
0.5,0.500,120,100.00
0.5,0.500,120,98.00
0.5,0.500,120,98.00
0.5,0.500,120,100.00
0.5,0.500,120,100.00
0.5,0.500,150,98.00
0.5,0.500,150,98.00
0.5,0.500,150,98.00
0.5,0.500,150,98.00
0.5,0.500,150,76.00
0.5,0.500,150,76.00
0.5,0.500,150,76.00
0.5,0.500,150,98.00
0.5,0.500,150,76.00
0.5,0.500,150,98.00
0.5,0.500,200,98.00
0.5,0.500,200,92.00
0.5,0.500,200,94.00
0.5,0.500,200,90.00
0.5,0.500,200,78.00
0.5,0.500,200,92.00
0.5,0.500,200,92.00
0.5,0.500,200,90.00
0.5,0.500,200,76.00
0.5,0.500,200,94.00
0.5,0.500,300,94.00
0.5,0.500,300,90.00
0.5,0.500,300,94.00
0.5,0.500,300,96.00
0.5,0.500,300,96.00
0.5,0.500,300,98.00
0.5,0.500,300,98.00
0.5,0.500,300,94.00
0.5,0.500,300,90.00
0.5,0.500,300,94.00
0.5,0.200,20,50.00
0.5,0.200,20,50.00
0.5,0.200,20,50.00
0.5,0.200,20,50.00
0.5,0.200,20,50.00
0.5,0.200,20,50.00
0.5,0.200,20,50.00
0.5,0.200,20,50.00
0.5,0.200,20,50.00
0.5,0.200,20,50.00
0.5,0.200,50,80.00
0.5,0.200,50,76.00
0.5,0.200,50,68.00
0.5,0.200,50,54.00
0.5,0.200,50,82.00
0.5,0.200,50,54.00
0.5,0.200,50,82.00
0.5,0.200,50,68.00
0.5,0.200,50,74.00
0.5,0.200,50,82.00
0.5,0.200,80,98.00
0.5,0.200,80,100.00
0.5,0.200,80,100.00
0.5,0.200,80,100.00
0.5,0.200,80,100.00
0.5,0.200,80,98.00
0.5,0.200,80,100.00
0.5,0.200,80,100.00
0.5,0.200,80,98.00
0.5,0.200,80,100.00
0.5,0.200,100,96.00
0.5,0.200,100,96.00
0.5,0.200,100,96.00
0.5,0.200,100,100.00
0.5,0.200,100,96.00
0.5,0.200,100,100.00
0.5,0.200,100,98.00
0.5,0.200,100,96.00
0.5,0.200,100,96.00
0.5,0.200,100,96.00
0.5,0.200,120,98.00
0.5,0.200,120,98.00
0.5,0.200,120,100.00
0.5,0.200,120,98.00
0.5,0.200,120,100.00
0.5,0.200,120,100.00
0.5,0.200,120,100.00
0.5,0.200,120,100.00
0.5,0.200,120,100.00
0.5,0.200,120,100.00
0.5,0.200,150,78.00
0.5,0.200,150,98.00
0.5,0.200,150,92.00
0.5,0.200,150,76.00
0.5,0.200,150,98.00
0.5,0.200,150,78.00
0.5,0.200,150,84.00
0.5,0.200,150,66.00
0.5,0.200,150,98.00
0.5,0.200,150,66.00
0.5,0.200,200,94.00
0.5,0.200,200,94.00
0.5,0.200,200,98.00
0.5,0.200,200,92.00
0.5,0.200,200,92.00
0.5,0.200,200,92.00
0.5,0.200,200,82.00
0.5,0.200,200,76.00
0.5,0.200,200,96.00
0.5,0.200,200,90.00
0.5,0.200,300,98.00
0.5,0.200,300,98.00
0.5,0.200,300,94.00
0.5,0.200,300,98.00
0.5,0.200,300,96.00
0.5,0.200,300,94.00
0.5,0.200,300,98.00
0.5,0.200,300,96.00
0.5,0.200,300,98.00
0.5,0.200,300,92.00
0.5,0.100,20,50.00
0.5,0.100,20,50.00
0.5,0.100,20,50.00
0.5,0.100,20,50.00
0.5,0.100,20,50.00
0.5,0.100,20,50.00
0.5,0.100,20,50.00
0.5,0.100,20,50.00
0.5,0.100,20,50.00
0.5,0.100,20,50.00
0.5,0.100,50,74.00
0.5,0.100,50,74.00
0.5,0.100,50,54.00
0.5,0.100,50,68.00
0.5,0.100,50,68.00
0.5,0.100,50,80.00
0.5,0.100,50,72.00
0.5,0.100,50,80.00
0.5,0.100,50,54.00
0.5,0.100,50,54.00
0.5,0.100,80,100.00
0.5,0.100,80,98.00
0.5,0.100,80,98.00
0.5,0.100,80,100.00
0.5,0.100,80,100.00
0.5,0.100,80,98.00
0.5,0.100,80,100.00
0.5,0.100,80,100.00
0.5,0.100,80,100.00
0.5,0.100,80,100.00
0.5,0.100,100,100.00
0.5,0.100,100,96.00
0.5,0.100,100,100.00
0.5,0.100,100,96.00
0.5,0.100,100,100.00
0.5,0.100,100,100.00
0.5,0.100,100,100.00
0.5,0.100,100,96.00
0.5,0.100,100,96.00
0.5,0.100,100,100.00
0.5,0.100,120,100.00
0.5,0.100,120,98.00
0.5,0.100,120,100.00
0.5,0.100,120,100.00
0.5,0.100,120,100.00
0.5,0.100,120,100.00
0.5,0.100,120,100.00
0.5,0.100,120,100.00
0.5,0.100,120,96.00
0.5,0.100,120,100.00
0.5,0.100,150,98.00
0.5,0.100,150,64.00
0.5,0.100,150,98.00
0.5,0.100,150,76.00
0.5,0.100,150,100.00
0.5,0.100,150,98.00
0.5,0.100,150,98.00
0.5,0.100,150,98.00
0.5,0.100,150,98.00
0.5,0.100,150,76.00
0.5,0.100,200,82.00
0.5,0.100,200,76.00
0.5,0.100,200,90.00
0.5,0.100,200,92.00
0.5,0.100,200,76.00
0.5,0.100,200,92.00
0.5,0.100,200,92.00
0.5,0.100,200,90.00
0.5,0.100,200,92.00
0.5,0.100,200,90.00
0.5,0.100,300,94.00
0.5,0.100,300,84.00
0.5,0.100,300,92.00
0.5,0.100,300,94.00
0.5,0.100,300,92.00
0.5,0.100,300,92.00
0.5,0.100,300,94.00
0.5,0.100,300,98.00
0.5,0.100,300,94.00
0.5,0.100,300,98.00
0.5,0.080,20,50.00
0.5,0.080,20,50.00
0.5,0.080,20,50.00
0.5,0.080,20,50.00
0.5,0.080,20,50.00
0.5,0.080,20,50.00
0.5,0.080,20,50.00
0.5,0.080,20,50.00
0.5,0.080,20,50.00
0.5,0.080,20,50.00
0.5,0.080,50,72.00
0.5,0.080,50,74.00
0.5,0.080,50,68.00
0.5,0.080,50,54.00
0.5,0.080,50,82.00
0.5,0.080,50,68.00
0.5,0.080,50,74.00
0.5,0.080,50,80.00
0.5,0.080,50,68.00
0.5,0.080,50,68.00
0.5,0.080,80,100.00
0.5,0.080,80,100.00
0.5,0.080,80,98.00
0.5,0.080,80,100.00
0.5,0.080,80,100.00
0.5,0.080,80,98.00
0.5,0.080,80,100.00
0.5,0.080,80,100.00
0.5,0.080,80,98.00
0.5,0.080,80,98.00
0.5,0.080,100,98.00
0.5,0.080,100,98.00
0.5,0.080,100,100.00
0.5,0.080,100,96.00
0.5,0.080,100,100.00
0.5,0.080,100,100.00
0.5,0.080,100,98.00
0.5,0.080,100,98.00
0.5,0.080,100,98.00
0.5,0.080,100,100.00
0.5,0.080,120,98.00
0.5,0.080,120,98.00
0.5,0.080,120,98.00
0.5,0.080,120,100.00
0.5,0.080,120,98.00
0.5,0.080,120,96.00
0.5,0.080,120,100.00
0.5,0.080,120,100.00
0.5,0.080,120,100.00
0.5,0.080,120,98.00
0.5,0.080,150,82.00
0.5,0.080,150,98.00
0.5,0.080,150,100.00
0.5,0.080,150,98.00
0.5,0.080,150,98.00
0.5,0.080,150,74.00
0.5,0.080,150,98.00
0.5,0.080,150,92.00
0.5,0.080,150,76.00
0.5,0.080,150,80.00
0.5,0.080,200,90.00
0.5,0.080,200,96.00
0.5,0.080,200,98.00
0.5,0.080,200,76.00
0.5,0.080,200,92.00
0.5,0.080,200,82.00
0.5,0.080,200,90.00
0.5,0.080,200,62.00
0.5,0.080,200,96.00
0.5,0.080,200,94.00
0.5,0.080,300,92.00
0.5,0.080,300,92.00
0.5,0.080,300,98.00
0.5,0.080,300,92.00
0.5,0.080,300,86.00
0.5,0.080,300,96.00
0.5,0.080,300,90.00
0.5,0.080,300,92.00
0.5,0.080,300,98.00
0.5,0.080,300,96.00
0.5,0.050,20,50.00
0.5,0.050,20,50.00
0.5,0.050,20,50.00
0.5,0.050,20,50.00
0.5,0.050,20,50.00
0.5,0.050,20,56.00
0.5,0.050,20,50.00
0.5,0.050,20,50.00
0.5,0.050,20,52.00
0.5,0.050,20,52.00
0.5,0.050,50,82.00
0.5,0.050,50,96.00
0.5,0.050,50,68.00
0.5,0.050,50,54.00
0.5,0.050,50,54.00
0.5,0.050,50,74.00
0.5,0.050,50,54.00
0.5,0.050,50,80.00
0.5,0.050,50,58.00
0.5,0.050,50,72.00
0.5,0.050,80,100.00
0.5,0.050,80,98.00
0.5,0.050,80,94.00
0.5,0.050,80,100.00
0.5,0.050,80,100.00
0.5,0.050,80,98.00
0.5,0.050,80,98.00
0.5,0.050,80,100.00
0.5,0.050,80,100.00
0.5,0.050,80,98.00
0.5,0.050,100,100.00
0.5,0.050,100,96.00
0.5,0.050,100,98.00
0.5,0.050,100,100.00
0.5,0.050,100,98.00
0.5,0.050,100,100.00
0.5,0.050,100,96.00
0.5,0.050,100,100.00
0.5,0.050,100,100.00
0.5,0.050,100,98.00
0.5,0.050,120,98.00
0.5,0.050,120,72.00
0.5,0.050,120,98.00
0.5,0.050,120,58.00
0.5,0.050,120,98.00
0.5,0.050,120,98.00
0.5,0.050,120,98.00
0.5,0.050,120,100.00
0.5,0.050,120,100.00
0.5,0.050,120,96.00
0.5,0.050,150,74.00
0.5,0.050,150,98.00
0.5,0.050,150,82.00
0.5,0.050,150,100.00
0.5,0.050,150,62.00
0.5,0.050,150,92.00
0.5,0.050,150,88.00
0.5,0.050,150,100.00
0.5,0.050,150,98.00
0.5,0.050,150,98.00
0.5,0.050,200,82.00
0.5,0.050,200,76.00
0.5,0.050,200,100.00
0.5,0.050,200,96.00
0.5,0.050,200,94.00
0.5,0.050,200,98.00
0.5,0.050,200,92.00
0.5,0.050,200,66.00
0.5,0.050,200,84.00
0.5,0.050,200,92.00
0.5,0.050,300,94.00
0.5,0.050,300,94.00
0.5,0.050,300,72.00
0.5,0.050,300,98.00
0.5,0.050,300,92.00
0.5,0.050,300,100.00
0.5,0.050,300,90.00
0.5,0.050,300,94.00
0.5,0.050,300,94.00
0.5,0.050,300,98.00
0.5,0.020,20,50.00
0.5,0.020,20,54.00
0.5,0.020,20,54.00
0.5,0.020,20,50.00
0.5,0.020,20,50.00
0.5,0.020,20,50.00
0.5,0.020,20,50.00
0.5,0.020,20,50.00
0.5,0.020,20,50.00
0.5,0.020,20,50.00
0.5,0.020,50,76.00
0.5,0.020,50,70.00
0.5,0.020,50,54.00
0.5,0.020,50,92.00
0.5,0.020,50,92.00
0.5,0.020,50,74.00
0.5,0.020,50,54.00
0.5,0.020,50,70.00
0.5,0.020,50,52.00
0.5,0.020,50,80.00
0.5,0.020,80,94.00
0.5,0.020,80,54.00
0.5,0.020,80,94.00
0.5,0.020,80,62.00
0.5,0.020,80,96.00
0.5,0.020,80,96.00
0.5,0.020,80,96.00
0.5,0.020,80,96.00
0.5,0.020,80,100.00
0.5,0.020,80,98.00
0.5,0.020,100,100.00
0.5,0.020,100,96.00
0.5,0.020,100,98.00
0.5,0.020,100,74.00
0.5,0.020,100,100.00
0.5,0.020,100,100.00
0.5,0.020,100,96.00
0.5,0.020,100,98.00
0.5,0.020,100,100.00
0.5,0.020,100,96.00
0.5,0.020,120,98.00
0.5,0.020,120,98.00
0.5,0.020,120,100.00
0.5,0.020,120,98.00
0.5,0.020,120,100.00
0.5,0.020,120,100.00
0.5,0.020,120,98.00
0.5,0.020,120,98.00
0.5,0.020,120,80.00
0.5,0.020,120,98.00
0.5,0.020,150,80.00
0.5,0.020,150,76.00
0.5,0.020,150,98.00
0.5,0.020,150,92.00
0.5,0.020,150,70.00
0.5,0.020,150,98.00
0.5,0.020,150,98.00
0.5,0.020,150,98.00
0.5,0.020,150,76.00
0.5,0.020,150,100.00
0.5,0.020,200,96.00
0.5,0.020,200,94.00
0.5,0.020,200,94.00
0.5,0.020,200,94.00
0.5,0.020,200,94.00
0.5,0.020,200,90.00
0.5,0.020,200,84.00
0.5,0.020,200,82.00
0.5,0.020,200,82.00
0.5,0.020,200,88.00
0.5,0.020,300,94.00
0.5,0.020,300,92.00
0.5,0.020,300,94.00
0.5,0.020,300,98.00
0.5,0.020,300,92.00
0.5,0.020,300,94.00
0.5,0.020,300,94.00
0.5,0.020,300,96.00
0.5,0.020,300,98.00
0.5,0.020,300,98.00
0.5,0.010,20,90.00
0.5,0.010,20,50.00
0.5,0.010,20,68.00
0.5,0.010,20,50.00
0.5,0.010,20,56.00
0.5,0.010,20,50.00
0.5,0.010,20,50.00
0.5,0.010,20,50.00
0.5,0.010,20,50.00
0.5,0.010,20,50.00
0.5,0.010,50,74.00
0.5,0.010,50,60.00
0.5,0.010,50,78.00
0.5,0.010,50,54.00
0.5,0.010,50,96.00
0.5,0.010,50,76.00
0.5,0.010,50,76.00
0.5,0.010,50,78.00
0.5,0.010,50,60.00
0.5,0.010,50,80.00
0.5,0.010,80,98.00
0.5,0.010,80,66.00
0.5,0.010,80,58.00
0.5,0.010,80,64.00
0.5,0.010,80,92.00
0.5,0.010,80,98.00
0.5,0.010,80,94.00
0.5,0.010,80,54.00
0.5,0.010,80,92.00
0.5,0.010,80,100.00
0.5,0.010,100,54.00
0.5,0.010,100,98.00
0.5,0.010,100,54.00
0.5,0.010,100,68.00
0.5,0.010,100,100.00
0.5,0.010,100,100.00
0.5,0.010,100,100.00
0.5,0.010,100,60.00
0.5,0.010,100,96.00
0.5,0.010,100,100.00
0.5,0.010,120,82.00
0.5,0.010,120,82.00
0.5,0.010,120,100.00
0.5,0.010,120,66.00
0.5,0.010,120,84.00
0.5,0.010,120,92.00
0.5,0.010,120,54.00
0.5,0.010,120,60.00
0.5,0.010,120,78.00
0.5,0.010,120,70.00
0.5,0.010,150,78.00
0.5,0.010,150,78.00
0.5,0.010,150,84.00
0.5,0.010,150,74.00
0.5,0.010,150,100.00
0.5,0.010,150,66.00
0.5,0.010,150,100.00
0.5,0.010,150,98.00
0.5,0.010,150,92.00
0.5,0.010,150,100.00
0.5,0.010,200,92.00
0.5,0.010,200,94.00
0.5,0.010,200,94.00
0.5,0.010,200,94.00
0.5,0.010,200,96.00
0.5,0.010,200,92.00
0.5,0.010,200,90.00
0.5,0.010,200,96.00
0.5,0.010,200,88.00
0.5,0.010,200,96.00
0.5,0.010,300,96.00
0.5,0.010,300,98.00
0.5,0.010,300,86.00
0.5,0.010,300,96.00
0.5,0.010,300,96.00
0.5,0.010,300,98.00
0.5,0.010,300,90.00
0.5,0.010,300,100.00
0.5,0.010,300,92.00
0.5,0.010,300,96.00
0.5,0.005,20,50.00
0.5,0.005,20,50.00
0.5,0.005,20,50.00
0.5,0.005,20,78.00
0.5,0.005,20,50.00
0.5,0.005,20,52.00
0.5,0.005,20,60.00
0.5,0.005,20,86.00
0.5,0.005,20,50.00
0.5,0.005,20,66.00
0.5,0.005,50,80.00
0.5,0.005,50,80.00
0.5,0.005,50,82.00
0.5,0.005,50,52.00
0.5,0.005,50,94.00
0.5,0.005,50,50.00
0.5,0.005,50,58.00
0.5,0.005,50,80.00
0.5,0.005,50,50.00
0.5,0.005,50,76.00
0.5,0.005,80,80.00
0.5,0.005,80,54.00
0.5,0.005,80,84.00
0.5,0.005,80,72.00
0.5,0.005,80,50.00
0.5,0.005,80,70.00
0.5,0.005,80,78.00
0.5,0.005,80,60.00
0.5,0.005,80,54.00
0.5,0.005,80,56.00
0.5,0.005,100,92.00
0.5,0.005,100,94.00
0.5,0.005,100,98.00
0.5,0.005,100,100.00
0.5,0.005,100,60.00
0.5,0.005,100,84.00
0.5,0.005,100,58.00
0.5,0.005,100,98.00
0.5,0.005,100,74.00
0.5,0.005,100,74.00
0.5,0.005,120,92.00
0.5,0.005,120,62.00
0.5,0.005,120,72.00
0.5,0.005,120,92.00
0.5,0.005,120,90.00
0.5,0.005,120,100.00
0.5,0.005,120,96.00
0.5,0.005,120,54.00
0.5,0.005,120,78.00
0.5,0.005,120,70.00
0.5,0.005,150,100.00
0.5,0.005,150,88.00
0.5,0.005,150,70.00
0.5,0.005,150,92.00
0.5,0.005,150,88.00
0.5,0.005,150,70.00
0.5,0.005,150,84.00
0.5,0.005,150,70.00
0.5,0.005,150,82.00
0.5,0.005,150,70.00
0.5,0.005,200,96.00
0.5,0.005,200,76.00
0.5,0.005,200,84.00
0.5,0.005,200,72.00
0.5,0.005,200,98.00
0.5,0.005,200,96.00
0.5,0.005,200,94.00
0.5,0.005,200,96.00
0.5,0.005,200,98.00
0.5,0.005,200,70.00
0.5,0.005,300,94.00
0.5,0.005,300,90.00
0.5,0.005,300,96.00
0.5,0.005,300,80.00
0.5,0.005,300,84.00
0.5,0.005,300,94.00
0.5,0.005,300,94.00
0.5,0.005,300,76.00
0.5,0.005,300,96.00
0.5,0.005,300,98.00
