Epoch,TrainingScenario,Accuracy
1,Setosa vs Rest,100.00
1,Versicolor vs Rest,100.00
1,Virginica vs Rest,0.00
1,Setosa vs Versicolor,0.00
1,Setosa vs Virginica,0.00
1,Versicolor vs Virginica,100.00
1,Multi-Class (All 3),0.00
2,Setosa vs Rest,100.00
2,Versicolor vs Rest,100.00
2,Virginica vs Rest,0.00
2,Setosa vs Versicolor,100.00
2,Setosa vs Virginica,100.00
2,Versicolor vs Virginica,100.00
2,Multi-Class (All 3),0.00
3,Setosa vs Rest,100.00
3,Versicolor vs Rest,100.00
3,Virginica vs Rest,66.67
3,Setosa vs Versicolor,100.00
3,Setosa vs Virginica,100.00
3,Versicolor vs Virginica,100.00
3,Multi-Class (All 3),0.00
4,Setosa vs Rest,100.00
4,Versicolor vs Rest,100.00
4,Virginica vs Rest,100.00
4,Setosa vs Versicolor,100.00
4,Setosa vs Virginica,100.00
4,Versicolor vs Virginica,100.00
4,Multi-Class (All 3),0.00
5,Setosa vs Rest,100.00
5,Versicolor vs Rest,100.00
5,Virginica vs Rest,100.00
5,Setosa vs Versicolor,100.00
5,Setosa vs Virginica,100.00
5,Versicolor vs Virginica,100.00
5,Multi-Class (All 3),0.00
6,Setosa vs Rest,100.00
6,Versicolor vs Rest,83.33
6,Virginica vs Rest,100.00
6,Setosa vs Versicolor,100.00
6,Setosa vs Virginica,100.00
6,Versicolor vs Virginica,100.00
6,Multi-Class (All 3),0.00
7,Setosa vs Rest,100.00
7,Versicolor vs Rest,80.00
7,Virginica vs Rest,100.00
7,Setosa vs Versicolor,100.00
7,Setosa vs Virginica,100.00
7,Versicolor vs Virginica,100.00
7,Multi-Class (All 3),0.00
8,Setosa vs Rest,100.00
8,Versicolor vs Rest,63.33
8,Virginica vs Rest,100.00
8,Setosa vs Versicolor,100.00
8,Setosa vs Virginica,100.00
8,Versicolor vs Virginica,100.00
8,Multi-Class (All 3),3.33
9,Setosa vs Rest,100.00
9,Versicolor vs Rest,6.67
9,Virginica vs Rest,100.00
9,Setosa vs Versicolor,100.00
9,Setosa vs Virginica,100.00
9,Versicolor vs Virginica,100.00
9,Multi-Class (All 3),100.00
10,Setosa vs Rest,100.00
10,Versicolor vs Rest,0.00
10,Virginica vs Rest,100.00
10,Setosa vs Versicolor,100.00
10,Setosa vs Virginica,100.00
10,Versicolor vs Virginica,100.00
10,Multi-Class (All 3),100.00
11,Setosa vs Rest,100.00
11,Versicolor vs Rest,0.00
11,Virginica vs Rest,100.00
11,Setosa vs Versicolor,100.00
11,Setosa vs Virginica,100.00
11,Versicolor vs Virginica,100.00
11,Multi-Class (All 3),100.00
12,Setosa vs Rest,100.00
12,Versicolor vs Rest,0.00
12,Virginica vs Rest,100.00
12,Setosa vs Versicolor,100.00
12,Setosa vs Virginica,100.00
12,Versicolor vs Virginica,100.00
12,Multi-Class (All 3),100.00
13,Setosa vs Rest,100.00
13,Versicolor vs Rest,0.00
13,Virginica vs Rest,100.00
13,Setosa vs Versicolor,100.00
13,Setosa vs Virginica,100.00
13,Versicolor vs Virginica,100.00
13,Multi-Class (All 3),100.00
14,Setosa vs Rest,100.00
14,Versicolor vs Rest,0.00
14,Virginica vs Rest,100.00
14,Setosa vs Versicolor,100.00
14,Setosa vs Virginica,100.00
14,Versicolor vs Virginica,100.00
14,Multi-Class (All 3),100.00
15,Setosa vs Rest,100.00
15,Versicolor vs Rest,0.00
15,Virginica vs Rest,100.00
15,Setosa vs Versicolor,100.00
15,Setosa vs Virginica,100.00
15,Versicolor vs Virginica,100.00
15,Multi-Class (All 3),100.00
16,Setosa vs Rest,100.00
16,Versicolor vs Rest,0.00
16,Virginica vs Rest,100.00
16,Setosa vs Versicolor,100.00
16,Setosa vs Virginica,100.00
16,Versicolor vs Virginica,100.00
16,Multi-Class (All 3),100.00
17,Setosa vs Rest,100.00
17,Versicolor vs Rest,0.00
17,Virginica vs Rest,100.00
17,Setosa vs Versicolor,100.00
17,Setosa vs Virginica,100.00
17,Versicolor vs Virginica,100.00
17,Multi-Class (All 3),100.00
18,Setosa vs Rest,100.00
18,Versicolor vs Rest,0.00
18,Virginica vs Rest,100.00
18,Setosa vs Versicolor,100.00
18,Setosa vs Virginica,100.00
18,Versicolor vs Virginica,100.00
18,Multi-Class (All 3),100.00
19,Setosa vs Rest,100.00
19,Versicolor vs Rest,0.00
19,Virginica vs Rest,100.00
19,Setosa vs Versicolor,100.00
19,Setosa vs Virginica,100.00
19,Versicolor vs Virginica,100.00
19,Multi-Class (All 3),100.00
20,Setosa vs Rest,100.00
20,Versicolor vs Rest,0.00
20,Virginica vs Rest,100.00
20,Setosa vs Versicolor,100.00
20,Setosa vs Virginica,100.00
20,Versicolor vs Virginica,100.00
20,Multi-Class (All 3),100.00
21,Setosa vs Rest,100.00
21,Versicolor vs Rest,0.00
21,Virginica vs Rest,100.00
21,Setosa vs Versicolor,100.00
21,Setosa vs Virginica,100.00
21,Versicolor vs Virginica,100.00
21,Multi-Class (All 3),100.00
22,Setosa vs Rest,100.00
22,Versicolor vs Rest,0.00
22,Virginica vs Rest,100.00
22,Setosa vs Versicolor,100.00
22,Setosa vs Virginica,100.00
22,Versicolor vs Virginica,100.00
22,Multi-Class (All 3),100.00
23,Setosa vs Rest,100.00
23,Versicolor vs Rest,0.00
23,Virginica vs Rest,100.00
23,Setosa vs Versicolor,100.00
23,Setosa vs Virginica,100.00
23,Versicolor vs Virginica,100.00
23,Multi-Class (All 3),100.00
24,Setosa vs Rest,100.00
24,Versicolor vs Rest,0.00
24,Virginica vs Rest,100.00
24,Setosa vs Versicolor,100.00
24,Setosa vs Virginica,100.00
24,Versicolor vs Virginica,100.00
24,Multi-Class (All 3),100.00
25,Setosa vs Rest,100.00
25,Versicolor vs Rest,0.00
25,Virginica vs Rest,100.00
25,Setosa vs Versicolor,100.00
25,Setosa vs Virginica,100.00
25,Versicolor vs Virginica,100.00
25,Multi-Class (All 3),100.00
26,Setosa vs Rest,100.00
26,Versicolor vs Rest,0.00
26,Virginica vs Rest,100.00
26,Setosa vs Versicolor,100.00
26,Setosa vs Virginica,100.00
26,Versicolor vs Virginica,100.00
26,Multi-Class (All 3),100.00
27,Setosa vs Rest,100.00
27,Versicolor vs Rest,0.00
27,Virginica vs Rest,100.00
27,Setosa vs Versicolor,100.00
27,Setosa vs Virginica,100.00
27,Versicolor vs Virginica,100.00
27,Multi-Class (All 3),100.00
28,Setosa vs Rest,100.00
28,Versicolor vs Rest,0.00
28,Virginica vs Rest,100.00
28,Setosa vs Versicolor,100.00
28,Setosa vs Virginica,100.00
28,Versicolor vs Virginica,100.00
28,Multi-Class (All 3),100.00
29,Setosa vs Rest,100.00
29,Versicolor vs Rest,0.00
29,Virginica vs Rest,100.00
29,Setosa vs Versicolor,100.00
29,Setosa vs Virginica,100.00
29,Versicolor vs Virginica,100.00
29,Multi-Class (All 3),100.00
30,Setosa vs Rest,100.00
30,Versicolor vs Rest,0.00
30,Virginica vs Rest,100.00
30,Setosa vs Versicolor,100.00
30,Setosa vs Virginica,100.00
30,Versicolor vs Virginica,100.00
30,Multi-Class (All 3),100.00
31,Setosa vs Rest,100.00
31,Versicolor vs Rest,0.00
31,Virginica vs Rest,100.00
31,Setosa vs Versicolor,100.00
31,Setosa vs Virginica,100.00
31,Versicolor vs Virginica,100.00
31,Multi-Class (All 3),100.00
32,Setosa vs Rest,100.00
32,Versicolor vs Rest,0.00
32,Virginica vs Rest,100.00
32,Setosa vs Versicolor,100.00
32,Setosa vs Virginica,100.00
32,Versicolor vs Virginica,100.00
32,Multi-Class (All 3),100.00
33,Setosa vs Rest,100.00
33,Versicolor vs Rest,0.00
33,Virginica vs Rest,100.00
33,Setosa vs Versicolor,100.00
33,Setosa vs Virginica,100.00
33,Versicolor vs Virginica,100.00
33,Multi-Class (All 3),100.00
34,Setosa vs Rest,100.00
34,Versicolor vs Rest,0.00
34,Virginica vs Rest,100.00
34,Setosa vs Versicolor,100.00
34,Setosa vs Virginica,100.00
34,Versicolor vs Virginica,100.00
34,Multi-Class (All 3),100.00
35,Setosa vs Rest,100.00
35,Versicolor vs Rest,0.00
35,Virginica vs Rest,100.00
35,Setosa vs Versicolor,100.00
35,Setosa vs Virginica,100.00
35,Versicolor vs Virginica,100.00
35,Multi-Class (All 3),100.00
36,Setosa vs Rest,100.00
36,Versicolor vs Rest,0.00
36,Virginica vs Rest,100.00
36,Setosa vs Versicolor,100.00
36,Setosa vs Virginica,100.00
36,Versicolor vs Virginica,100.00
36,Multi-Class (All 3),100.00
37,Setosa vs Rest,100.00
37,Versicolor vs Rest,0.00
37,Virginica vs Rest,100.00
37,Setosa vs Versicolor,100.00
37,Setosa vs Virginica,100.00
37,Versicolor vs Virginica,100.00
37,Multi-Class (All 3),100.00
38,Setosa vs Rest,100.00
38,Versicolor vs Rest,0.00
38,Virginica vs Rest,100.00
38,Setosa vs Versicolor,100.00
38,Setosa vs Virginica,100.00
38,Versicolor vs Virginica,100.00
38,Multi-Class (All 3),100.00
39,Setosa vs Rest,100.00
39,Versicolor vs Rest,0.00
39,Virginica vs Rest,100.00
39,Setosa vs Versicolor,100.00
39,Setosa vs Virginica,100.00
39,Versicolor vs Virginica,100.00
39,Multi-Class (All 3),100.00
40,Setosa vs Rest,100.00
40,Versicolor vs Rest,0.00
40,Virginica vs Rest,100.00
40,Setosa vs Versicolor,100.00
40,Setosa vs Virginica,100.00
40,Versicolor vs Virginica,100.00
40,Multi-Class (All 3),100.00
41,Setosa vs Rest,100.00
41,Versicolor vs Rest,100.00
41,Virginica vs Rest,100.00
41,Setosa vs Versicolor,100.00
41,Setosa vs Virginica,100.00
41,Versicolor vs Virginica,100.00
41,Multi-Class (All 3),100.00
42,Setosa vs Rest,100.00
42,Versicolor vs Rest,100.00
42,Virginica vs Rest,100.00
42,Setosa vs Versicolor,100.00
42,Setosa vs Virginica,100.00
42,Versicolor vs Virginica,100.00
42,Multi-Class (All 3),100.00
43,Setosa vs Rest,100.00
43,Versicolor vs Rest,100.00
43,Virginica vs Rest,100.00
43,Setosa vs Versicolor,100.00
43,Setosa vs Virginica,100.00
43,Versicolor vs Virginica,100.00
43,Multi-Class (All 3),100.00
44,Setosa vs Rest,100.00
44,Versicolor vs Rest,100.00
44,Virginica vs Rest,100.00
44,Setosa vs Versicolor,100.00
44,Setosa vs Virginica,100.00
44,Versicolor vs Virginica,100.00
44,Multi-Class (All 3),100.00
45,Setosa vs Rest,100.00
45,Versicolor vs Rest,100.00
45,Virginica vs Rest,100.00
45,Setosa vs Versicolor,100.00
45,Setosa vs Virginica,100.00
45,Versicolor vs Virginica,100.00
45,Multi-Class (All 3),100.00
46,Setosa vs Rest,100.00
46,Versicolor vs Rest,100.00
46,Virginica vs Rest,100.00
46,Setosa vs Versicolor,100.00
46,Setosa vs Virginica,100.00
46,Versicolor vs Virginica,100.00
46,Multi-Class (All 3),100.00
47,Setosa vs Rest,100.00
47,Versicolor vs Rest,100.00
47,Virginica vs Rest,100.00
47,Setosa vs Versicolor,100.00
47,Setosa vs Virginica,100.00
47,Versicolor vs Virginica,100.00
47,Multi-Class (All 3),100.00
48,Setosa vs Rest,100.00
48,Versicolor vs Rest,100.00
48,Virginica vs Rest,100.00
48,Setosa vs Versicolor,100.00
48,Setosa vs Virginica,100.00
48,Versicolor vs Virginica,100.00
48,Multi-Class (All 3),100.00
49,Setosa vs Rest,100.00
49,Versicolor vs Rest,100.00
49,Virginica vs Rest,100.00
49,Setosa vs Versicolor,100.00
49,Setosa vs Virginica,100.00
49,Versicolor vs Virginica,100.00
49,Multi-Class (All 3),100.00
50,Setosa vs Rest,100.00
50,Versicolor vs Rest,100.00
50,Virginica vs Rest,100.00
50,Setosa vs Versicolor,100.00
50,Setosa vs Virginica,100.00
50,Versicolor vs Virginica,100.00
50,Multi-Class (All 3),100.00
51,Setosa vs Rest,100.00
51,Versicolor vs Rest,100.00
51,Virginica vs Rest,100.00
51,Setosa vs Versicolor,100.00
51,Setosa vs Virginica,100.00
51,Versicolor vs Virginica,100.00
51,Multi-Class (All 3),100.00
52,Setosa vs Rest,100.00
52,Versicolor vs Rest,100.00
52,Virginica vs Rest,100.00
52,Setosa vs Versicolor,100.00
52,Setosa vs Virginica,100.00
52,Versicolor vs Virginica,100.00
52,Multi-Class (All 3),100.00
53,Setosa vs Rest,100.00
53,Versicolor vs Rest,100.00
53,Virginica vs Rest,100.00
53,Setosa vs Versicolor,100.00
53,Setosa vs Virginica,100.00
53,Versicolor vs Virginica,100.00
53,Multi-Class (All 3),100.00
54,Setosa vs Rest,100.00
54,Versicolor vs Rest,100.00
54,Virginica vs Rest,100.00
54,Setosa vs Versicolor,100.00
54,Setosa vs Virginica,100.00
54,Versicolor vs Virginica,100.00
54,Multi-Class (All 3),100.00
55,Setosa vs Rest,100.00
55,Versicolor vs Rest,100.00
55,Virginica vs Rest,100.00
55,Setosa vs Versicolor,100.00
55,Setosa vs Virginica,100.00
55,Versicolor vs Virginica,100.00
55,Multi-Class (All 3),100.00
56,Setosa vs Rest,100.00
56,Versicolor vs Rest,100.00
56,Virginica vs Rest,100.00
56,Setosa vs Versicolor,100.00
56,Setosa vs Virginica,100.00
56,Versicolor vs Virginica,100.00
56,Multi-Class (All 3),100.00
57,Setosa vs Rest,100.00
57,Versicolor vs Rest,100.00
57,Virginica vs Rest,100.00
57,Setosa vs Versicolor,100.00
57,Setosa vs Virginica,100.00
57,Versicolor vs Virginica,100.00
57,Multi-Class (All 3),100.00
58,Setosa vs Rest,100.00
58,Versicolor vs Rest,100.00
58,Virginica vs Rest,100.00
58,Setosa vs Versicolor,100.00
58,Setosa vs Virginica,100.00
58,Versicolor vs Virginica,100.00
58,Multi-Class (All 3),100.00
59,Setosa vs Rest,100.00
59,Versicolor vs Rest,100.00
59,Virginica vs Rest,100.00
59,Setosa vs Versicolor,100.00
59,Setosa vs Virginica,100.00
59,Versicolor vs Virginica,100.00
59,Multi-Class (All 3),100.00
60,Setosa vs Rest,100.00
60,Versicolor vs Rest,100.00
60,Virginica vs Rest,100.00
60,Setosa vs Versicolor,100.00
60,Setosa vs Virginica,100.00
60,Versicolor vs Virginica,100.00
60,Multi-Class (All 3),100.00
61,Setosa vs Rest,100.00
61,Versicolor vs Rest,100.00
61,Virginica vs Rest,100.00
61,Setosa vs Versicolor,100.00
61,Setosa vs Virginica,100.00
61,Versicolor vs Virginica,100.00
61,Multi-Class (All 3),100.00
62,Setosa vs Rest,100.00
62,Versicolor vs Rest,100.00
62,Virginica vs Rest,100.00
62,Setosa vs Versicolor,100.00
62,Setosa vs Virginica,100.00
62,Versicolor vs Virginica,100.00
62,Multi-Class (All 3),100.00
63,Setosa vs Rest,100.00
63,Versicolor vs Rest,100.00
63,Virginica vs Rest,100.00
63,Setosa vs Versicolor,100.00
63,Setosa vs Virginica,100.00
63,Versicolor vs Virginica,100.00
63,Multi-Class (All 3),100.00
64,Setosa vs Rest,100.00
64,Versicolor vs Rest,100.00
64,Virginica vs Rest,100.00
64,Setosa vs Versicolor,100.00
64,Setosa vs Virginica,100.00
64,Versicolor vs Virginica,100.00
64,Multi-Class (All 3),100.00
65,Setosa vs Rest,100.00
65,Versicolor vs Rest,100.00
65,Virginica vs Rest,100.00
65,Setosa vs Versicolor,100.00
65,Setosa vs Virginica,100.00
65,Versicolor vs Virginica,100.00
65,Multi-Class (All 3),100.00
66,Setosa vs Rest,100.00
66,Versicolor vs Rest,100.00
66,Virginica vs Rest,100.00
66,Setosa vs Versicolor,100.00
66,Setosa vs Virginica,100.00
66,Versicolor vs Virginica,100.00
66,Multi-Class (All 3),100.00
67,Setosa vs Rest,100.00
67,Versicolor vs Rest,100.00
67,Virginica vs Rest,100.00
67,Setosa vs Versicolor,100.00
67,Setosa vs Virginica,100.00
67,Versicolor vs Virginica,100.00
67,Multi-Class (All 3),100.00
68,Setosa vs Rest,100.00
68,Versicolor vs Rest,100.00
68,Virginica vs Rest,100.00
68,Setosa vs Versicolor,100.00
68,Setosa vs Virginica,100.00
68,Versicolor vs Virginica,100.00
68,Multi-Class (All 3),100.00
69,Setosa vs Rest,100.00
69,Versicolor vs Rest,100.00
69,Virginica vs Rest,100.00
69,Setosa vs Versicolor,100.00
69,Setosa vs Virginica,100.00
69,Versicolor vs Virginica,100.00
69,Multi-Class (All 3),100.00
70,Setosa vs Rest,100.00
70,Versicolor vs Rest,100.00
70,Virginica vs Rest,100.00
70,Setosa vs Versicolor,100.00
70,Setosa vs Virginica,100.00
70,Versicolor vs Virginica,100.00
70,Multi-Class (All 3),100.00
71,Setosa vs Rest,100.00
71,Versicolor vs Rest,100.00
71,Virginica vs Rest,100.00
71,Setosa vs Versicolor,100.00
71,Setosa vs Virginica,100.00
71,Versicolor vs Virginica,100.00
71,Multi-Class (All 3),100.00
72,Setosa vs Rest,100.00
72,Versicolor vs Rest,100.00
72,Virginica vs Rest,100.00
72,Setosa vs Versicolor,100.00
72,Setosa vs Virginica,100.00
72,Versicolor vs Virginica,100.00
72,Multi-Class (All 3),100.00
73,Setosa vs Rest,100.00
73,Versicolor vs Rest,100.00
73,Virginica vs Rest,100.00
73,Setosa vs Versicolor,100.00
73,Setosa vs Virginica,100.00
73,Versicolor vs Virginica,100.00
73,Multi-Class (All 3),100.00
74,Setosa vs Rest,100.00
74,Versicolor vs Rest,100.00
74,Virginica vs Rest,100.00
74,Setosa vs Versicolor,100.00
74,Setosa vs Virginica,100.00
74,Versicolor vs Virginica,100.00
74,Multi-Class (All 3),100.00
75,Setosa vs Rest,100.00
75,Versicolor vs Rest,100.00
75,Virginica vs Rest,100.00
75,Setosa vs Versicolor,100.00
75,Setosa vs Virginica,100.00
75,Versicolor vs Virginica,100.00
75,Multi-Class (All 3),100.00
76,Setosa vs Rest,100.00
76,Versicolor vs Rest,100.00
76,Virginica vs Rest,100.00
76,Setosa vs Versicolor,100.00
76,Setosa vs Virginica,100.00
76,Versicolor vs Virginica,100.00
76,Multi-Class (All 3),100.00
77,Setosa vs Rest,100.00
77,Versicolor vs Rest,100.00
77,Virginica vs Rest,100.00
77,Setosa vs Versicolor,100.00
77,Setosa vs Virginica,100.00
77,Versicolor vs Virginica,100.00
77,Multi-Class (All 3),100.00
78,Setosa vs Rest,100.00
78,Versicolor vs Rest,100.00
78,Virginica vs Rest,100.00
78,Setosa vs Versicolor,100.00
78,Setosa vs Virginica,100.00
78,Versicolor vs Virginica,100.00
78,Multi-Class (All 3),100.00
79,Setosa vs Rest,100.00
79,Versicolor vs Rest,100.00
79,Virginica vs Rest,100.00
79,Setosa vs Versicolor,100.00
79,Setosa vs Virginica,100.00
79,Versicolor vs Virginica,100.00
79,Multi-Class (All 3),100.00
80,Setosa vs Rest,100.00
80,Versicolor vs Rest,100.00
80,Virginica vs Rest,100.00
80,Setosa vs Versicolor,100.00
80,Setosa vs Virginica,100.00
80,Versicolor vs Virginica,100.00
80,Multi-Class (All 3),100.00
81,Setosa vs Rest,100.00
81,Versicolor vs Rest,100.00
81,Virginica vs Rest,100.00
81,Setosa vs Versicolor,100.00
81,Setosa vs Virginica,100.00
81,Versicolor vs Virginica,100.00
81,Multi-Class (All 3),100.00
82,Setosa vs Rest,100.00
82,Versicolor vs Rest,100.00
82,Virginica vs Rest,100.00
82,Setosa vs Versicolor,100.00
82,Setosa vs Virginica,100.00
82,Versicolor vs Virginica,100.00
82,Multi-Class (All 3),100.00
83,Setosa vs Rest,100.00
83,Versicolor vs Rest,100.00
83,Virginica vs Rest,100.00
83,Setosa vs Versicolor,100.00
83,Setosa vs Virginica,100.00
83,Versicolor vs Virginica,100.00
83,Multi-Class (All 3),100.00
84,Setosa vs Rest,100.00
84,Versicolor vs Rest,100.00
84,Virginica vs Rest,100.00
84,Setosa vs Versicolor,100.00
84,Setosa vs Virginica,100.00
84,Versicolor vs Virginica,100.00
84,Multi-Class (All 3),100.00
85,Setosa vs Rest,100.00
85,Versicolor vs Rest,100.00
85,Virginica vs Rest,100.00
85,Setosa vs Versicolor,100.00
85,Setosa vs Virginica,100.00
85,Versicolor vs Virginica,100.00
85,Multi-Class (All 3),100.00
86,Setosa vs Rest,100.00
86,Versicolor vs Rest,100.00
86,Virginica vs Rest,100.00
86,Setosa vs Versicolor,100.00
86,Setosa vs Virginica,100.00
86,Versicolor vs Virginica,100.00
86,Multi-Class (All 3),100.00
87,Setosa vs Rest,100.00
87,Versicolor vs Rest,100.00
87,Virginica vs Rest,100.00
87,Setosa vs Versicolor,100.00
87,Setosa vs Virginica,100.00
87,Versicolor vs Virginica,100.00
87,Multi-Class (All 3),100.00
88,Setosa vs Rest,100.00
88,Versicolor vs Rest,100.00
88,Virginica vs Rest,100.00
88,Setosa vs Versicolor,100.00
88,Setosa vs Virginica,100.00
88,Versicolor vs Virginica,100.00
88,Multi-Class (All 3),100.00
89,Setosa vs Rest,100.00
89,Versicolor vs Rest,100.00
89,Virginica vs Rest,100.00
89,Setosa vs Versicolor,100.00
89,Setosa vs Virginica,100.00
89,Versicolor vs Virginica,100.00
89,Multi-Class (All 3),100.00
90,Setosa vs Rest,100.00
90,Versicolor vs Rest,100.00
90,Virginica vs Rest,100.00
90,Setosa vs Versicolor,100.00
90,Setosa vs Virginica,100.00
90,Versicolor vs Virginica,100.00
90,Multi-Class (All 3),100.00
91,Setosa vs Rest,100.00
91,Versicolor vs Rest,100.00
91,Virginica vs Rest,100.00
91,Setosa vs Versicolor,100.00
91,Setosa vs Virginica,100.00
91,Versicolor vs Virginica,100.00
91,Multi-Class (All 3),100.00
92,Setosa vs Rest,100.00
92,Versicolor vs Rest,100.00
92,Virginica vs Rest,100.00
92,Setosa vs Versicolor,100.00
92,Setosa vs Virginica,100.00
92,Versicolor vs Virginica,100.00
92,Multi-Class (All 3),100.00
93,Setosa vs Rest,100.00
93,Versicolor vs Rest,100.00
93,Virginica vs Rest,100.00
93,Setosa vs Versicolor,100.00
93,Setosa vs Virginica,100.00
93,Versicolor vs Virginica,100.00
93,Multi-Class (All 3),100.00
94,Setosa vs Rest,100.00
94,Versicolor vs Rest,100.00
94,Virginica vs Rest,100.00
94,Setosa vs Versicolor,100.00
94,Setosa vs Virginica,100.00
94,Versicolor vs Virginica,100.00
94,Multi-Class (All 3),100.00
95,Setosa vs Rest,100.00
95,Versicolor vs Rest,100.00
95,Virginica vs Rest,100.00
95,Setosa vs Versicolor,100.00
95,Setosa vs Virginica,100.00
95,Versicolor vs Virginica,100.00
95,Multi-Class (All 3),100.00
96,Setosa vs Rest,100.00
96,Versicolor vs Rest,100.00
96,Virginica vs Rest,100.00
96,Setosa vs Versicolor,100.00
96,Setosa vs Virginica,100.00
96,Versicolor vs Virginica,100.00
96,Multi-Class (All 3),100.00
97,Setosa vs Rest,100.00
97,Versicolor vs Rest,100.00
97,Virginica vs Rest,100.00
97,Setosa vs Versicolor,100.00
97,Setosa vs Virginica,100.00
97,Versicolor vs Virginica,100.00
97,Multi-Class (All 3),100.00
98,Setosa vs Rest,100.00
98,Versicolor vs Rest,100.00
98,Virginica vs Rest,100.00
98,Setosa vs Versicolor,100.00
98,Setosa vs Virginica,100.00
98,Versicolor vs Virginica,100.00
98,Multi-Class (All 3),100.00
99,Setosa vs Rest,100.00
99,Versicolor vs Rest,100.00
99,Virginica vs Rest,100.00
99,Setosa vs Versicolor,100.00
99,Setosa vs Virginica,100.00
99,Versicolor vs Virginica,100.00
99,Multi-Class (All 3),100.00
100,Setosa vs Rest,100.00
100,Versicolor vs Rest,100.00
100,Virginica vs Rest,100.00
100,Setosa vs Versicolor,100.00
100,Setosa vs Virginica,100.00
100,Versicolor vs Virginica,100.00
100,Multi-Class (All 3),100.00
101,Setosa vs Rest,100.00
101,Versicolor vs Rest,100.00
101,Virginica vs Rest,100.00
101,Setosa vs Versicolor,100.00
101,Setosa vs Virginica,100.00
101,Versicolor vs Virginica,100.00
101,Multi-Class (All 3),100.00
102,Setosa vs Rest,100.00
102,Versicolor vs Rest,100.00
102,Virginica vs Rest,100.00
102,Setosa vs Versicolor,100.00
102,Setosa vs Virginica,100.00
102,Versicolor vs Virginica,100.00
102,Multi-Class (All 3),100.00
103,Setosa vs Rest,100.00
103,Versicolor vs Rest,100.00
103,Virginica vs Rest,100.00
103,Setosa vs Versicolor,100.00
103,Setosa vs Virginica,100.00
103,Versicolor vs Virginica,100.00
103,Multi-Class (All 3),100.00
104,Setosa vs Rest,100.00
104,Versicolor vs Rest,100.00
104,Virginica vs Rest,100.00
104,Setosa vs Versicolor,100.00
104,Setosa vs Virginica,100.00
104,Versicolor vs Virginica,100.00
104,Multi-Class (All 3),100.00
105,Setosa vs Rest,100.00
105,Versicolor vs Rest,100.00
105,Virginica vs Rest,100.00
105,Setosa vs Versicolor,100.00
105,Setosa vs Virginica,100.00
105,Versicolor vs Virginica,100.00
105,Multi-Class (All 3),100.00
106,Setosa vs Rest,100.00
106,Versicolor vs Rest,100.00
106,Virginica vs Rest,100.00
106,Setosa vs Versicolor,100.00
106,Setosa vs Virginica,100.00
106,Versicolor vs Virginica,100.00
106,Multi-Class (All 3),100.00
107,Setosa vs Rest,100.00
107,Versicolor vs Rest,100.00
107,Virginica vs Rest,100.00
107,Setosa vs Versicolor,100.00
107,Setosa vs Virginica,100.00
107,Versicolor vs Virginica,100.00
107,Multi-Class (All 3),100.00
108,Setosa vs Rest,100.00
108,Versicolor vs Rest,100.00
108,Virginica vs Rest,100.00
108,Setosa vs Versicolor,100.00
108,Setosa vs Virginica,100.00
108,Versicolor vs Virginica,100.00
108,Multi-Class (All 3),100.00
109,Setosa vs Rest,100.00
109,Versicolor vs Rest,100.00
109,Virginica vs Rest,100.00
109,Setosa vs Versicolor,100.00
109,Setosa vs Virginica,100.00
109,Versicolor vs Virginica,100.00
109,Multi-Class (All 3),100.00
110,Setosa vs Rest,100.00
110,Versicolor vs Rest,100.00
110,Virginica vs Rest,100.00
110,Setosa vs Versicolor,100.00
110,Setosa vs Virginica,100.00
110,Versicolor vs Virginica,100.00
110,Multi-Class (All 3),100.00
111,Setosa vs Rest,100.00
111,Versicolor vs Rest,100.00
111,Virginica vs Rest,100.00
111,Setosa vs Versicolor,100.00
111,Setosa vs Virginica,100.00
111,Versicolor vs Virginica,100.00
111,Multi-Class (All 3),100.00
112,Setosa vs Rest,100.00
112,Versicolor vs Rest,100.00
112,Virginica vs Rest,100.00
112,Setosa vs Versicolor,100.00
112,Setosa vs Virginica,100.00
112,Versicolor vs Virginica,100.00
112,Multi-Class (All 3),100.00
113,Setosa vs Rest,100.00
113,Versicolor vs Rest,100.00
113,Virginica vs Rest,100.00
113,Setosa vs Versicolor,100.00
113,Setosa vs Virginica,100.00
113,Versicolor vs Virginica,100.00
113,Multi-Class (All 3),100.00
114,Setosa vs Rest,100.00
114,Versicolor vs Rest,100.00
114,Virginica vs Rest,100.00
114,Setosa vs Versicolor,100.00
114,Setosa vs Virginica,100.00
114,Versicolor vs Virginica,100.00
114,Multi-Class (All 3),100.00
115,Setosa vs Rest,100.00
115,Versicolor vs Rest,100.00
115,Virginica vs Rest,100.00
115,Setosa vs Versicolor,100.00
115,Setosa vs Virginica,100.00
115,Versicolor vs Virginica,100.00
115,Multi-Class (All 3),100.00
116,Setosa vs Rest,100.00
116,Versicolor vs Rest,100.00
116,Virginica vs Rest,100.00
116,Setosa vs Versicolor,100.00
116,Setosa vs Virginica,100.00
116,Versicolor vs Virginica,100.00
116,Multi-Class (All 3),100.00
117,Setosa vs Rest,100.00
117,Versicolor vs Rest,100.00
117,Virginica vs Rest,100.00
117,Setosa vs Versicolor,100.00
117,Setosa vs Virginica,100.00
117,Versicolor vs Virginica,100.00
117,Multi-Class (All 3),100.00
118,Setosa vs Rest,100.00
118,Versicolor vs Rest,100.00
118,Virginica vs Rest,100.00
118,Setosa vs Versicolor,100.00
118,Setosa vs Virginica,100.00
118,Versicolor vs Virginica,100.00
118,Multi-Class (All 3),100.00
119,Setosa vs Rest,100.00
119,Versicolor vs Rest,100.00
119,Virginica vs Rest,100.00
119,Setosa vs Versicolor,100.00
119,Setosa vs Virginica,100.00
119,Versicolor vs Virginica,100.00
119,Multi-Class (All 3),100.00
120,Setosa vs Rest,100.00
120,Versicolor vs Rest,100.00
120,Virginica vs Rest,100.00
120,Setosa vs Versicolor,100.00
120,Setosa vs Virginica,100.00
120,Versicolor vs Virginica,100.00
120,Multi-Class (All 3),100.00
121,Setosa vs Rest,100.00
121,Versicolor vs Rest,100.00
121,Virginica vs Rest,100.00
121,Setosa vs Versicolor,100.00
121,Setosa vs Virginica,100.00
121,Versicolor vs Virginica,100.00
121,Multi-Class (All 3),100.00
122,Setosa vs Rest,100.00
122,Versicolor vs Rest,100.00
122,Virginica vs Rest,100.00
122,Setosa vs Versicolor,100.00
122,Setosa vs Virginica,100.00
122,Versicolor vs Virginica,100.00
122,Multi-Class (All 3),100.00
123,Setosa vs Rest,100.00
123,Versicolor vs Rest,100.00
123,Virginica vs Rest,100.00
123,Setosa vs Versicolor,100.00
123,Setosa vs Virginica,100.00
123,Versicolor vs Virginica,100.00
123,Multi-Class (All 3),100.00
124,Setosa vs Rest,100.00
124,Versicolor vs Rest,100.00
124,Virginica vs Rest,100.00
124,Setosa vs Versicolor,100.00
124,Setosa vs Virginica,100.00
124,Versicolor vs Virginica,100.00
124,Multi-Class (All 3),100.00
125,Setosa vs Rest,100.00
125,Versicolor vs Rest,100.00
125,Virginica vs Rest,100.00
125,Setosa vs Versicolor,100.00
125,Setosa vs Virginica,100.00
125,Versicolor vs Virginica,100.00
125,Multi-Class (All 3),100.00
126,Setosa vs Rest,100.00
126,Versicolor vs Rest,100.00
126,Virginica vs Rest,100.00
126,Setosa vs Versicolor,100.00
126,Setosa vs Virginica,100.00
126,Versicolor vs Virginica,100.00
126,Multi-Class (All 3),100.00
127,Setosa vs Rest,100.00
127,Versicolor vs Rest,100.00
127,Virginica vs Rest,100.00
127,Setosa vs Versicolor,100.00
127,Setosa vs Virginica,100.00
127,Versicolor vs Virginica,100.00
127,Multi-Class (All 3),100.00
128,Setosa vs Rest,100.00
128,Versicolor vs Rest,100.00
128,Virginica vs Rest,100.00
128,Setosa vs Versicolor,100.00
128,Setosa vs Virginica,100.00
128,Versicolor vs Virginica,100.00
128,Multi-Class (All 3),100.00
129,Setosa vs Rest,100.00
129,Versicolor vs Rest,100.00
129,Virginica vs Rest,100.00
129,Setosa vs Versicolor,100.00
129,Setosa vs Virginica,100.00
129,Versicolor vs Virginica,100.00
129,Multi-Class (All 3),100.00
130,Setosa vs Rest,100.00
130,Versicolor vs Rest,100.00
130,Virginica vs Rest,100.00
130,Setosa vs Versicolor,100.00
130,Setosa vs Virginica,100.00
130,Versicolor vs Virginica,100.00
130,Multi-Class (All 3),100.00
131,Setosa vs Rest,100.00
131,Versicolor vs Rest,100.00
131,Virginica vs Rest,100.00
131,Setosa vs Versicolor,100.00
131,Setosa vs Virginica,100.00
131,Versicolor vs Virginica,100.00
131,Multi-Class (All 3),100.00
132,Setosa vs Rest,100.00
132,Versicolor vs Rest,100.00
132,Virginica vs Rest,100.00
132,Setosa vs Versicolor,100.00
132,Setosa vs Virginica,100.00
132,Versicolor vs Virginica,100.00
132,Multi-Class (All 3),100.00
133,Setosa vs Rest,100.00
133,Versicolor vs Rest,100.00
133,Virginica vs Rest,100.00
133,Setosa vs Versicolor,100.00
133,Setosa vs Virginica,100.00
133,Versicolor vs Virginica,100.00
133,Multi-Class (All 3),100.00
134,Setosa vs Rest,100.00
134,Versicolor vs Rest,100.00
134,Virginica vs Rest,100.00
134,Setosa vs Versicolor,100.00
134,Setosa vs Virginica,100.00
134,Versicolor vs Virginica,100.00
134,Multi-Class (All 3),100.00
135,Setosa vs Rest,100.00
135,Versicolor vs Rest,100.00
135,Virginica vs Rest,100.00
135,Setosa vs Versicolor,100.00
135,Setosa vs Virginica,100.00
135,Versicolor vs Virginica,100.00
135,Multi-Class (All 3),100.00
136,Setosa vs Rest,100.00
136,Versicolor vs Rest,100.00
136,Virginica vs Rest,100.00
136,Setosa vs Versicolor,100.00
136,Setosa vs Virginica,100.00
136,Versicolor vs Virginica,100.00
136,Multi-Class (All 3),100.00
137,Setosa vs Rest,100.00
137,Versicolor vs Rest,100.00
137,Virginica vs Rest,100.00
137,Setosa vs Versicolor,100.00
137,Setosa vs Virginica,100.00
137,Versicolor vs Virginica,100.00
137,Multi-Class (All 3),100.00
138,Setosa vs Rest,100.00
138,Versicolor vs Rest,100.00
138,Virginica vs Rest,100.00
138,Setosa vs Versicolor,100.00
138,Setosa vs Virginica,100.00
138,Versicolor vs Virginica,100.00
138,Multi-Class (All 3),100.00
139,Setosa vs Rest,100.00
139,Versicolor vs Rest,100.00
139,Virginica vs Rest,100.00
139,Setosa vs Versicolor,100.00
139,Setosa vs Virginica,100.00
139,Versicolor vs Virginica,100.00
139,Multi-Class (All 3),100.00
140,Setosa vs Rest,100.00
140,Versicolor vs Rest,100.00
140,Virginica vs Rest,100.00
140,Setosa vs Versicolor,100.00
140,Setosa vs Virginica,100.00
140,Versicolor vs Virginica,100.00
140,Multi-Class (All 3),100.00
141,Setosa vs Rest,100.00
141,Versicolor vs Rest,100.00
141,Virginica vs Rest,100.00
141,Setosa vs Versicolor,100.00
141,Setosa vs Virginica,100.00
141,Versicolor vs Virginica,100.00
141,Multi-Class (All 3),100.00
142,Setosa vs Rest,100.00
142,Versicolor vs Rest,100.00
142,Virginica vs Rest,100.00
142,Setosa vs Versicolor,100.00
142,Setosa vs Virginica,100.00
142,Versicolor vs Virginica,100.00
142,Multi-Class (All 3),100.00
143,Setosa vs Rest,100.00
143,Versicolor vs Rest,100.00
143,Virginica vs Rest,100.00
143,Setosa vs Versicolor,100.00
143,Setosa vs Virginica,100.00
143,Versicolor vs Virginica,100.00
143,Multi-Class (All 3),100.00
144,Setosa vs Rest,100.00
144,Versicolor vs Rest,100.00
144,Virginica vs Rest,100.00
144,Setosa vs Versicolor,100.00
144,Setosa vs Virginica,100.00
144,Versicolor vs Virginica,100.00
144,Multi-Class (All 3),100.00
145,Setosa vs Rest,100.00
145,Versicolor vs Rest,100.00
145,Virginica vs Rest,100.00
145,Setosa vs Versicolor,100.00
145,Setosa vs Virginica,100.00
145,Versicolor vs Virginica,100.00
145,Multi-Class (All 3),100.00
146,Setosa vs Rest,100.00
146,Versicolor vs Rest,100.00
146,Virginica vs Rest,100.00
146,Setosa vs Versicolor,100.00
146,Setosa vs Virginica,100.00
146,Versicolor vs Virginica,100.00
146,Multi-Class (All 3),100.00
147,Setosa vs Rest,100.00
147,Versicolor vs Rest,100.00
147,Virginica vs Rest,100.00
147,Setosa vs Versicolor,100.00
147,Setosa vs Virginica,100.00
147,Versicolor vs Virginica,100.00
147,Multi-Class (All 3),100.00
148,Setosa vs Rest,100.00
148,Versicolor vs Rest,100.00
148,Virginica vs Rest,100.00
148,Setosa vs Versicolor,100.00
148,Setosa vs Virginica,100.00
148,Versicolor vs Virginica,100.00
148,Multi-Class (All 3),100.00
149,Setosa vs Rest,100.00
149,Versicolor vs Rest,100.00
149,Virginica vs Rest,100.00
149,Setosa vs Versicolor,100.00
149,Setosa vs Virginica,100.00
149,Versicolor vs Virginica,100.00
149,Multi-Class (All 3),100.00
150,Setosa vs Rest,100.00
150,Versicolor vs Rest,100.00
150,Virginica vs Rest,100.00
150,Setosa vs Versicolor,100.00
150,Setosa vs Virginica,100.00
150,Versicolor vs Virginica,100.00
150,Multi-Class (All 3),100.00
151,Setosa vs Rest,100.00
151,Versicolor vs Rest,100.00
151,Virginica vs Rest,100.00
151,Setosa vs Versicolor,100.00
151,Setosa vs Virginica,100.00
151,Versicolor vs Virginica,100.00
151,Multi-Class (All 3),100.00
152,Setosa vs Rest,100.00
152,Versicolor vs Rest,100.00
152,Virginica vs Rest,100.00
152,Setosa vs Versicolor,100.00
152,Setosa vs Virginica,100.00
152,Versicolor vs Virginica,100.00
152,Multi-Class (All 3),100.00
153,Setosa vs Rest,100.00
153,Versicolor vs Rest,100.00
153,Virginica vs Rest,100.00
153,Setosa vs Versicolor,100.00
153,Setosa vs Virginica,100.00
153,Versicolor vs Virginica,100.00
153,Multi-Class (All 3),100.00
154,Setosa vs Rest,100.00
154,Versicolor vs Rest,100.00
154,Virginica vs Rest,100.00
154,Setosa vs Versicolor,100.00
154,Setosa vs Virginica,100.00
154,Versicolor vs Virginica,100.00
154,Multi-Class (All 3),100.00
155,Setosa vs Rest,100.00
155,Versicolor vs Rest,100.00
155,Virginica vs Rest,100.00
155,Setosa vs Versicolor,100.00
155,Setosa vs Virginica,100.00
155,Versicolor vs Virginica,100.00
155,Multi-Class (All 3),100.00
156,Setosa vs Rest,100.00
156,Versicolor vs Rest,100.00
156,Virginica vs Rest,100.00
156,Setosa vs Versicolor,100.00
156,Setosa vs Virginica,100.00
156,Versicolor vs Virginica,100.00
156,Multi-Class (All 3),100.00
157,Setosa vs Rest,100.00
157,Versicolor vs Rest,100.00
157,Virginica vs Rest,100.00
157,Setosa vs Versicolor,100.00
157,Setosa vs Virginica,100.00
157,Versicolor vs Virginica,100.00
157,Multi-Class (All 3),100.00
158,Setosa vs Rest,100.00
158,Versicolor vs Rest,100.00
158,Virginica vs Rest,100.00
158,Setosa vs Versicolor,100.00
158,Setosa vs Virginica,100.00
158,Versicolor vs Virginica,100.00
158,Multi-Class (All 3),100.00
159,Setosa vs Rest,100.00
159,Versicolor vs Rest,100.00
159,Virginica vs Rest,100.00
159,Setosa vs Versicolor,100.00
159,Setosa vs Virginica,100.00
159,Versicolor vs Virginica,100.00
159,Multi-Class (All 3),100.00
160,Setosa vs Rest,100.00
160,Versicolor vs Rest,100.00
160,Virginica vs Rest,100.00
160,Setosa vs Versicolor,100.00
160,Setosa vs Virginica,100.00
160,Versicolor vs Virginica,100.00
160,Multi-Class (All 3),100.00
161,Setosa vs Rest,100.00
161,Versicolor vs Rest,100.00
161,Virginica vs Rest,100.00
161,Setosa vs Versicolor,100.00
161,Setosa vs Virginica,100.00
161,Versicolor vs Virginica,100.00
161,Multi-Class (All 3),100.00
162,Setosa vs Rest,100.00
162,Versicolor vs Rest,100.00
162,Virginica vs Rest,100.00
162,Setosa vs Versicolor,100.00
162,Setosa vs Virginica,100.00
162,Versicolor vs Virginica,100.00
162,Multi-Class (All 3),100.00
163,Setosa vs Rest,100.00
163,Versicolor vs Rest,100.00
163,Virginica vs Rest,100.00
163,Setosa vs Versicolor,100.00
163,Setosa vs Virginica,100.00
163,Versicolor vs Virginica,100.00
163,Multi-Class (All 3),100.00
164,Setosa vs Rest,100.00
164,Versicolor vs Rest,100.00
164,Virginica vs Rest,100.00
164,Setosa vs Versicolor,100.00
164,Setosa vs Virginica,100.00
164,Versicolor vs Virginica,100.00
164,Multi-Class (All 3),100.00
165,Setosa vs Rest,100.00
165,Versicolor vs Rest,100.00
165,Virginica vs Rest,100.00
165,Setosa vs Versicolor,100.00
165,Setosa vs Virginica,100.00
165,Versicolor vs Virginica,100.00
165,Multi-Class (All 3),100.00
166,Setosa vs Rest,100.00
166,Versicolor vs Rest,100.00
166,Virginica vs Rest,100.00
166,Setosa vs Versicolor,100.00
166,Setosa vs Virginica,100.00
166,Versicolor vs Virginica,100.00
166,Multi-Class (All 3),100.00
167,Setosa vs Rest,100.00
167,Versicolor vs Rest,100.00
167,Virginica vs Rest,100.00
167,Setosa vs Versicolor,100.00
167,Setosa vs Virginica,100.00
167,Versicolor vs Virginica,100.00
167,Multi-Class (All 3),100.00
168,Setosa vs Rest,100.00
168,Versicolor vs Rest,100.00
168,Virginica vs Rest,100.00
168,Setosa vs Versicolor,100.00
168,Setosa vs Virginica,100.00
168,Versicolor vs Virginica,100.00
168,Multi-Class (All 3),100.00
169,Setosa vs Rest,100.00
169,Versicolor vs Rest,100.00
169,Virginica vs Rest,100.00
169,Setosa vs Versicolor,100.00
169,Setosa vs Virginica,100.00
169,Versicolor vs Virginica,100.00
169,Multi-Class (All 3),100.00
170,Setosa vs Rest,100.00
170,Versicolor vs Rest,100.00
170,Virginica vs Rest,100.00
170,Setosa vs Versicolor,100.00
170,Setosa vs Virginica,100.00
170,Versicolor vs Virginica,100.00
170,Multi-Class (All 3),100.00
171,Setosa vs Rest,100.00
171,Versicolor vs Rest,100.00
171,Virginica vs Rest,100.00
171,Setosa vs Versicolor,100.00
171,Setosa vs Virginica,100.00
171,Versicolor vs Virginica,100.00
171,Multi-Class (All 3),100.00
172,Setosa vs Rest,100.00
172,Versicolor vs Rest,100.00
172,Virginica vs Rest,100.00
172,Setosa vs Versicolor,100.00
172,Setosa vs Virginica,100.00
172,Versicolor vs Virginica,100.00
172,Multi-Class (All 3),100.00
173,Setosa vs Rest,100.00
173,Versicolor vs Rest,100.00
173,Virginica vs Rest,100.00
173,Setosa vs Versicolor,100.00
173,Setosa vs Virginica,100.00
173,Versicolor vs Virginica,100.00
173,Multi-Class (All 3),100.00
174,Setosa vs Rest,100.00
174,Versicolor vs Rest,100.00
174,Virginica vs Rest,100.00
174,Setosa vs Versicolor,100.00
174,Setosa vs Virginica,100.00
174,Versicolor vs Virginica,100.00
174,Multi-Class (All 3),100.00
175,Setosa vs Rest,100.00
175,Versicolor vs Rest,100.00
175,Virginica vs Rest,100.00
175,Setosa vs Versicolor,100.00
175,Setosa vs Virginica,100.00
175,Versicolor vs Virginica,100.00
175,Multi-Class (All 3),100.00
176,Setosa vs Rest,100.00
176,Versicolor vs Rest,100.00
176,Virginica vs Rest,100.00
176,Setosa vs Versicolor,100.00
176,Setosa vs Virginica,100.00
176,Versicolor vs Virginica,100.00
176,Multi-Class (All 3),100.00
177,Setosa vs Rest,100.00
177,Versicolor vs Rest,100.00
177,Virginica vs Rest,100.00
177,Setosa vs Versicolor,100.00
177,Setosa vs Virginica,100.00
177,Versicolor vs Virginica,100.00
177,Multi-Class (All 3),100.00
178,Setosa vs Rest,100.00
178,Versicolor vs Rest,100.00
178,Virginica vs Rest,100.00
178,Setosa vs Versicolor,100.00
178,Setosa vs Virginica,100.00
178,Versicolor vs Virginica,100.00
178,Multi-Class (All 3),100.00
179,Setosa vs Rest,100.00
179,Versicolor vs Rest,100.00
179,Virginica vs Rest,100.00
179,Setosa vs Versicolor,100.00
179,Setosa vs Virginica,100.00
179,Versicolor vs Virginica,100.00
179,Multi-Class (All 3),100.00
180,Setosa vs Rest,100.00
180,Versicolor vs Rest,100.00
180,Virginica vs Rest,100.00
180,Setosa vs Versicolor,100.00
180,Setosa vs Virginica,100.00
180,Versicolor vs Virginica,100.00
180,Multi-Class (All 3),100.00
181,Setosa vs Rest,100.00
181,Versicolor vs Rest,100.00
181,Virginica vs Rest,100.00
181,Setosa vs Versicolor,100.00
181,Setosa vs Virginica,100.00
181,Versicolor vs Virginica,100.00
181,Multi-Class (All 3),100.00
182,Setosa vs Rest,100.00
182,Versicolor vs Rest,100.00
182,Virginica vs Rest,100.00
182,Setosa vs Versicolor,100.00
182,Setosa vs Virginica,100.00
182,Versicolor vs Virginica,100.00
182,Multi-Class (All 3),100.00
183,Setosa vs Rest,100.00
183,Versicolor vs Rest,100.00
183,Virginica vs Rest,100.00
183,Setosa vs Versicolor,100.00
183,Setosa vs Virginica,100.00
183,Versicolor vs Virginica,100.00
183,Multi-Class (All 3),100.00
184,Setosa vs Rest,100.00
184,Versicolor vs Rest,100.00
184,Virginica vs Rest,100.00
184,Setosa vs Versicolor,100.00
184,Setosa vs Virginica,100.00
184,Versicolor vs Virginica,100.00
184,Multi-Class (All 3),100.00
185,Setosa vs Rest,100.00
185,Versicolor vs Rest,100.00
185,Virginica vs Rest,100.00
185,Setosa vs Versicolor,100.00
185,Setosa vs Virginica,100.00
185,Versicolor vs Virginica,100.00
185,Multi-Class (All 3),100.00
186,Setosa vs Rest,100.00
186,Versicolor vs Rest,100.00
186,Virginica vs Rest,100.00
186,Setosa vs Versicolor,100.00
186,Setosa vs Virginica,100.00
186,Versicolor vs Virginica,100.00
186,Multi-Class (All 3),100.00
187,Setosa vs Rest,100.00
187,Versicolor vs Rest,100.00
187,Virginica vs Rest,100.00
187,Setosa vs Versicolor,100.00
187,Setosa vs Virginica,100.00
187,Versicolor vs Virginica,100.00
187,Multi-Class (All 3),100.00
188,Setosa vs Rest,100.00
188,Versicolor vs Rest,100.00
188,Virginica vs Rest,100.00
188,Setosa vs Versicolor,100.00
188,Setosa vs Virginica,100.00
188,Versicolor vs Virginica,100.00
188,Multi-Class (All 3),100.00
189,Setosa vs Rest,100.00
189,Versicolor vs Rest,100.00
189,Virginica vs Rest,100.00
189,Setosa vs Versicolor,100.00
189,Setosa vs Virginica,100.00
189,Versicolor vs Virginica,100.00
189,Multi-Class (All 3),100.00
190,Setosa vs Rest,100.00
190,Versicolor vs Rest,100.00
190,Virginica vs Rest,100.00
190,Setosa vs Versicolor,100.00
190,Setosa vs Virginica,100.00
190,Versicolor vs Virginica,100.00
190,Multi-Class (All 3),100.00
191,Setosa vs Rest,100.00
191,Versicolor vs Rest,100.00
191,Virginica vs Rest,100.00
191,Setosa vs Versicolor,100.00
191,Setosa vs Virginica,100.00
191,Versicolor vs Virginica,100.00
191,Multi-Class (All 3),100.00
192,Setosa vs Rest,100.00
192,Versicolor vs Rest,100.00
192,Virginica vs Rest,100.00
192,Setosa vs Versicolor,100.00
192,Setosa vs Virginica,100.00
192,Versicolor vs Virginica,100.00
192,Multi-Class (All 3),100.00
193,Setosa vs Rest,100.00
193,Versicolor vs Rest,100.00
193,Virginica vs Rest,100.00
193,Setosa vs Versicolor,100.00
193,Setosa vs Virginica,100.00
193,Versicolor vs Virginica,100.00
193,Multi-Class (All 3),100.00
194,Setosa vs Rest,100.00
194,Versicolor vs Rest,100.00
194,Virginica vs Rest,100.00
194,Setosa vs Versicolor,100.00
194,Setosa vs Virginica,100.00
194,Versicolor vs Virginica,100.00
194,Multi-Class (All 3),100.00
195,Setosa vs Rest,100.00
195,Versicolor vs Rest,100.00
195,Virginica vs Rest,100.00
195,Setosa vs Versicolor,100.00
195,Setosa vs Virginica,100.00
195,Versicolor vs Virginica,100.00
195,Multi-Class (All 3),100.00
196,Setosa vs Rest,100.00
196,Versicolor vs Rest,100.00
196,Virginica vs Rest,100.00
196,Setosa vs Versicolor,100.00
196,Setosa vs Virginica,100.00
196,Versicolor vs Virginica,100.00
196,Multi-Class (All 3),100.00
197,Setosa vs Rest,100.00
197,Versicolor vs Rest,100.00
197,Virginica vs Rest,100.00
197,Setosa vs Versicolor,100.00
197,Setosa vs Virginica,100.00
197,Versicolor vs Virginica,100.00
197,Multi-Class (All 3),100.00
198,Setosa vs Rest,100.00
198,Versicolor vs Rest,100.00
198,Virginica vs Rest,100.00
198,Setosa vs Versicolor,100.00
198,Setosa vs Virginica,100.00
198,Versicolor vs Virginica,100.00
198,Multi-Class (All 3),100.00
199,Setosa vs Rest,100.00
199,Versicolor vs Rest,100.00
199,Virginica vs Rest,100.00
199,Setosa vs Versicolor,100.00
199,Setosa vs Virginica,100.00
199,Versicolor vs Virginica,100.00
199,Multi-Class (All 3),100.00
200,Setosa vs Rest,100.00
200,Versicolor vs Rest,100.00
200,Virginica vs Rest,100.00
200,Setosa vs Versicolor,100.00
200,Setosa vs Virginica,100.00
200,Versicolor vs Virginica,100.00
200,Multi-Class (All 3),100.00
