Epoch,Setosa vs Rest,Versicolor vs Rest,Virginica vs Rest,Setosa vs Versicolor,Setosa vs Virginica,Versicolor vs Virginica
1,66.67,66.67,76.67,50.00,100.00,50.00
2,66.67,66.67,73.33,50.00,100.00,50.00
3,66.67,66.67,73.33,80.00,100.00,50.00
4,66.67,66.67,73.33,50.00,100.00,50.00
5,66.67,66.67,73.33,50.00,100.00,50.00
6,66.67,66.67,73.33,50.00,100.00,50.00
7,66.67,66.67,73.33,100.00,100.00,50.00
8,66.67,66.67,73.33,100.00,100.00,50.00
9,66.67,66.67,73.33,100.00,100.00,50.00
10,76.67,66.67,73.33,100.00,100.00,50.00
11,66.67,66.67,73.33,100.00,100.00,50.00
12,100.00,66.67,73.33,100.00,100.00,50.00
13,100.00,66.67,73.33,100.00,100.00,50.00
14,100.00,66.67,76.67,100.00,100.00,50.00
15,100.00,66.67,76.67,100.00,100.00,50.00
16,100.00,66.67,80.00,100.00,100.00,50.00
17,100.00,66.67,76.67,100.00,100.00,50.00
18,100.00,36.67,80.00,100.00,100.00,50.00
19,100.00,66.67,83.33,100.00,100.00,50.00
20,100.00,66.67,83.33,100.00,100.00,50.00
21,100.00,66.67,83.33,100.00,100.00,50.00
22,100.00,66.67,80.00,100.00,100.00,50.00
23,100.00,66.67,83.33,100.00,100.00,50.00
24,100.00,33.33,83.33,100.00,100.00,50.00
25,100.00,33.33,86.67,100.00,100.00,50.00
26,100.00,66.67,80.00,100.00,100.00,50.00
27,100.00,66.67,83.33,100.00,100.00,50.00
28,100.00,66.67,80.00,100.00,100.00,50.00
29,100.00,33.33,83.33,100.00,100.00,50.00
30,100.00,33.33,90.00,100.00,100.00,50.00
31,100.00,66.67,83.33,100.00,100.00,50.00
32,100.00,66.67,86.67,100.00,100.00,50.00
33,100.00,66.67,73.33,100.00,100.00,50.00
34,100.00,33.33,73.33,100.00,100.00,50.00
35,100.00,36.67,73.33,100.00,100.00,50.00
36,100.00,66.67,73.33,100.00,100.00,50.00
37,100.00,66.67,73.33,100.00,100.00,50.00
38,100.00,66.67,73.33,100.00,100.00,50.00
39,100.00,33.33,73.33,100.00,100.00,55.00
40,100.00,36.67,76.67,100.00,100.00,60.00
41,100.00,66.67,73.33,100.00,100.00,55.00
42,100.00,66.67,73.33,100.00,100.00,60.00
43,100.00,66.67,96.67,100.00,100.00,60.00
44,100.00,33.33,96.67,100.00,100.00,60.00
45,100.00,50.00,96.67,100.00,100.00,65.00
46,100.00,66.67,96.67,100.00,100.00,65.00
47,100.00,66.67,96.67,100.00,100.00,70.00
48,100.00,36.67,80.00,100.00,100.00,60.00
49,100.00,50.00,76.67,100.00,100.00,65.00
50,100.00,66.67,73.33,100.00,100.00,65.00
51,100.00,66.67,73.33,100.00,100.00,65.00
52,100.00,36.67,96.67,100.00,100.00,70.00
53,100.00,50.00,96.67,100.00,100.00,60.00
54,100.00,66.67,96.67,100.00,100.00,65.00
55,100.00,66.67,96.67,100.00,100.00,65.00
56,100.00,43.33,96.67,100.00,100.00,65.00
57,100.00,53.33,96.67,100.00,100.00,65.00
58,100.00,66.67,96.67,100.00,100.00,70.00
59,100.00,66.67,96.67,100.00,100.00,55.00
60,100.00,46.67,96.67,100.00,100.00,55.00
61,100.00,56.67,96.67,100.00,100.00,50.00
62,100.00,66.67,96.67,100.00,100.00,50.00
63,100.00,66.67,96.67,100.00,100.00,80.00
64,100.00,53.33,96.67,100.00,100.00,75.00
65,100.00,50.00,73.33,100.00,100.00,55.00
66,100.00,66.67,96.67,100.00,100.00,55.00
67,100.00,66.67,96.67,100.00,100.00,50.00
68,100.00,66.67,96.67,100.00,100.00,50.00
69,100.00,50.00,96.67,100.00,100.00,65.00
70,100.00,66.67,96.67,100.00,100.00,55.00
71,100.00,46.67,100.00,100.00,100.00,55.00
72,100.00,66.67,73.33,100.00,100.00,50.00
73,100.00,40.00,96.67,100.00,100.00,85.00
74,100.00,66.67,96.67,100.00,100.00,70.00
75,100.00,43.33,100.00,100.00,100.00,65.00
76,100.00,66.67,100.00,100.00,100.00,55.00
77,100.00,40.00,100.00,100.00,100.00,50.00
78,100.00,56.67,73.33,100.00,100.00,90.00
79,100.00,43.33,100.00,100.00,100.00,70.00
80,100.00,66.67,100.00,100.00,100.00,55.00
81,100.00,43.33,100.00,100.00,100.00,55.00
82,100.00,66.67,100.00,100.00,100.00,55.00
83,100.00,40.00,100.00,100.00,100.00,55.00
84,100.00,56.67,100.00,100.00,100.00,55.00
85,100.00,46.67,73.33,100.00,100.00,90.00
86,100.00,66.67,100.00,100.00,100.00,80.00
87,100.00,50.00,100.00,100.00,100.00,65.00
88,100.00,60.00,100.00,100.00,100.00,60.00
89,100.00,66.67,100.00,100.00,100.00,55.00
90,100.00,50.00,73.33,100.00,100.00,90.00
91,100.00,66.67,100.00,100.00,100.00,80.00
92,100.00,46.67,100.00,100.00,100.00,65.00
93,100.00,60.00,100.00,100.00,100.00,65.00
94,100.00,50.00,100.00,100.00,100.00,55.00
95,100.00,66.67,73.33,100.00,100.00,85.00
96,100.00,50.00,100.00,100.00,100.00,70.00
97,100.00,66.67,100.00,100.00,100.00,65.00
98,100.00,50.00,100.00,100.00,100.00,65.00
99,100.00,66.67,100.00,100.00,100.00,55.00
100,100.00,50.00,73.33,100.00,100.00,85.00
101,100.00,66.67,96.67,100.00,100.00,70.00
102,100.00,46.67,96.67,100.00,100.00,65.00
103,100.00,60.00,100.00,100.00,100.00,65.00
104,100.00,66.67,100.00,100.00,100.00,55.00
105,100.00,50.00,100.00,100.00,100.00,90.00
106,100.00,66.67,100.00,100.00,100.00,70.00
107,100.00,50.00,100.00,100.00,100.00,65.00
108,100.00,60.00,100.00,100.00,100.00,65.00
109,100.00,66.67,100.00,100.00,100.00,55.00
110,100.00,53.33,100.00,100.00,100.00,90.00
111,100.00,60.00,100.00,100.00,100.00,70.00
112,100.00,66.67,100.00,100.00,100.00,65.00
113,100.00,53.33,76.67,100.00,100.00,60.00
114,100.00,60.00,96.67,100.00,100.00,90.00
115,100.00,66.67,100.00,100.00,100.00,70.00
116,100.00,50.00,100.00,100.00,100.00,70.00
117,100.00,60.00,100.00,100.00,100.00,70.00
118,100.00,66.67,100.00,100.00,100.00,70.00
119,100.00,60.00,100.00,100.00,100.00,65.00
120,100.00,66.67,100.00,100.00,100.00,60.00
121,100.00,50.00,100.00,100.00,100.00,90.00
122,100.00,60.00,100.00,100.00,100.00,80.00
123,100.00,66.67,100.00,100.00,100.00,70.00
124,100.00,53.33,100.00,100.00,100.00,60.00
125,100.00,60.00,100.00,100.00,100.00,85.00
126,100.00,66.67,100.00,100.00,100.00,75.00
127,100.00,56.67,76.67,100.00,100.00,70.00
128,100.00,60.00,100.00,100.00,100.00,70.00
129,100.00,66.67,100.00,100.00,100.00,70.00
130,100.00,60.00,100.00,100.00,100.00,95.00
131,100.00,66.67,100.00,100.00,100.00,90.00
132,100.00,66.67,100.00,100.00,100.00,80.00
133,100.00,50.00,76.67,100.00,100.00,70.00
134,100.00,66.67,96.67,100.00,100.00,65.00
135,100.00,53.33,96.67,100.00,100.00,90.00
136,100.00,60.00,96.67,100.00,100.00,80.00
137,100.00,66.67,83.33,100.00,100.00,70.00
138,100.00,66.67,80.00,100.00,100.00,95.00
139,100.00,53.33,80.00,100.00,100.00,90.00
140,100.00,66.67,80.00,100.00,100.00,85.00
141,100.00,60.00,83.33,100.00,100.00,75.00
142,100.00,66.67,83.33,100.00,100.00,70.00
143,100.00,66.67,83.33,100.00,100.00,95.00
144,100.00,50.00,83.33,100.00,100.00,90.00
145,100.00,66.67,83.33,100.00,100.00,85.00
146,100.00,53.33,83.33,100.00,100.00,80.00
147,100.00,66.67,100.00,100.00,100.00,65.00
148,100.00,66.67,100.00,100.00,100.00,90.00
149,100.00,53.33,100.00,100.00,100.00,85.00
150,100.00,60.00,100.00,100.00,100.00,80.00
151,100.00,66.67,100.00,100.00,100.00,65.00
152,100.00,66.67,76.67,100.00,100.00,90.00
153,100.00,53.33,96.67,100.00,100.00,90.00
154,100.00,66.67,96.67,100.00,100.00,80.00
155,100.00,56.67,96.67,100.00,100.00,75.00
156,100.00,66.67,83.33,100.00,100.00,95.00
157,100.00,66.67,76.67,100.00,100.00,90.00
158,100.00,66.67,96.67,100.00,100.00,90.00
159,100.00,53.33,96.67,100.00,100.00,80.00
160,100.00,66.67,96.67,100.00,100.00,65.00
161,100.00,53.33,83.33,100.00,100.00,90.00
162,100.00,66.67,76.67,100.00,100.00,80.00
163,100.00,66.67,96.67,100.00,100.00,75.00
164,100.00,66.67,96.67,100.00,100.00,95.00
165,100.00,53.33,96.67,100.00,100.00,90.00
166,100.00,66.67,86.67,100.00,100.00,90.00
167,100.00,53.33,96.67,100.00,100.00,80.00
168,100.00,66.67,96.67,100.00,100.00,65.00
169,100.00,66.67,96.67,100.00,100.00,90.00
170,100.00,66.67,96.67,100.00,100.00,85.00
171,100.00,53.33,93.33,100.00,100.00,80.00
172,100.00,66.67,83.33,100.00,100.00,95.00
173,100.00,66.67,96.67,100.00,100.00,95.00
174,100.00,46.67,96.67,100.00,100.00,90.00
175,100.00,60.00,96.67,100.00,100.00,90.00
176,100.00,50.00,96.67,100.00,100.00,80.00
177,100.00,66.67,83.33,100.00,100.00,95.00
178,100.00,56.67,96.67,100.00,100.00,95.00
179,100.00,66.67,96.67,100.00,100.00,90.00
180,100.00,53.33,96.67,100.00,100.00,90.00
181,100.00,66.67,96.67,100.00,100.00,80.00
182,100.00,66.67,93.33,100.00,100.00,95.00
183,100.00,66.67,83.33,100.00,100.00,95.00
184,100.00,56.67,96.67,100.00,100.00,90.00
185,100.00,66.67,96.67,100.00,100.00,90.00
186,100.00,66.67,96.67,100.00,100.00,80.00
187,100.00,50.00,96.67,100.00,100.00,95.00
188,100.00,60.00,86.67,100.00,100.00,95.00
189,100.00,53.33,96.67,100.00,100.00,90.00
190,100.00,66.67,96.67,100.00,100.00,90.00
191,100.00,66.67,96.67,100.00,100.00,80.00
192,100.00,53.33,96.67,100.00,100.00,95.00
193,100.00,66.67,93.33,100.00,100.00,95.00
194,100.00,66.67,83.33,100.00,100.00,95.00
195,100.00,53.33,96.67,100.00,100.00,90.00
196,100.00,66.67,96.67,100.00,100.00,80.00
197,100.00,66.67,96.67,100.00,100.00,95.00
198,100.00,66.67,96.67,100.00,100.00,95.00
199,100.00,56.67,93.33,100.00,100.00,95.00
200,100.00,66.67,100.00,100.00,100.00,90.00
